,일자,구,일반승차인원,일반하차인원,일반환승인원,청소년승차인원,청소년하차인원,청소년환승인원,어린이승차인원,어린이하차인원,어린이환승인원,미분류승차인원,미분류하차인원,미분류환승인원
0,2023년 03월 01일,동구,100600,87257,21418,105494,90962,22254,101352,87904,21496,100732,87357,21418
1,2023년 03월 01일,서구,127262,110789,29925,135259,116997,31205,128399,111759,30057,127352,110845,29925
2,2023년 03월 01일,중구,74800,67462,14250,79516,70979,14776,75682,68218,14331,74844,67497,14250
3,2023년 03월 01일,대덕구,40925,36651,7453,43122,38227,7792,41254,36899,7469,40955,36676,7453
4,2023년 03월 01일,유성구,79446,73214,15782,84167,77167,16600,80264,73987,15906,79491,73248,15782
5,2023년 03월 02일,동구,153134,135178,39531,163682,143308,41476,153824,135804,39596,153313,135329,39531
6,2023년 03월 02일,서구,223323,194062,54007,235898,204122,56134,224256,194852,54094,223452,194147,54007
7,2023년 03월 02일,중구,119158,107224,27178,128666,114012,28551,119915,107842,27225,119258,107283,27178
8,2023년 03월 02일,대덕구,78659,70530,16074,84400,74628,16747,79124,70906,16097,78729,70578,16074
9,2023년 03월 02일,유성구,143579,130362,31332,153291,138226,33010,144316,131026,31390,143641,130398,31332
10,2023년 03월 03일,동구,157846,138918,38445,168149,146944,40310,158541,139576,38509,158036,139070,38445
11,2023년 03월 03일,서구,231381,201442,54754,243869,211047,56866,232231,202157,54839,231546,201552,54754
12,2023년 03월 03일,중구,122528,112230,26570,131596,118583,27981,123227,112787,26620,122653,112303,26570
13,2023년 03월 03일,대덕구,81545,72681,16390,86789,76386,17030,82002,73053,16407,81607,72721,16390
14,2023년 03월 03일,유성구,145379,131499,30437,154660,139076,32013,146116,132150,30511,145433,131530,30437
15,2023년 03월 04일,동구,120663,106600,26033,125448,110436,26851,121493,107330,26131,120804,106715,26033
16,2023년 03월 04일,서구,160162,138543,35082,168949,145364,36494,161340,139560,35232,160273,138614,35084
17,2023년 03월 04일,중구,91074,84040,17280,96171,87966,17947,91922,84751,17349,91143,84083,17281
18,2023년 03월 04일,대덕구,52533,45811,9484,55079,47582,9841,52968,46160,9521,52562,45826,9484
19,2023년 03월 04일,유성구,97942,89544,19185,103137,93856,20039,98791,90315,19286,98006,89591,19185
20,2023년 03월 05일,동구,98799,82763,19361,103495,86339,20139,99326,83228,19427,98910,82853,19361
21,2023년 03월 05일,서구,113648,98808,26232,121353,104729,27451,114552,99548,26347,113736,98864,26232
22,2023년 03월 05일,중구,67465,60562,12480,71532,63461,12972,68069,61072,12525,67514,60590,12480
23,2023년 03월 05일,대덕구,36059,32005,6372,38127,33494,6691,36393,32273,6397,36091,32030,6372
24,2023년 03월 05일,유성구,70364,66962,14605,74863,70910,15444,71062,67612,14692,70398,66982,14605
25,2023년 03월 06일,동구,155707,135902,40009,165399,143408,41830,156355,136489,40066,155912,136050,40009
26,2023년 03월 06일,서구,225541,196421,54412,236722,205186,56352,226328,197107,54476,225703,196530,54412
27,2023년 03월 06일,중구,119801,107509,27166,128374,113387,28555,120509,108070,27210,119907,107574,27166
28,2023년 03월 06일,대덕구,79641,71854,16454,84989,75772,17099,80075,72207,16473,79730,71898,16454
29,2023년 03월 06일,유성구,145338,132125,32420,154163,139424,34053,145951,132663,32465,145411,132172,32421
30,2023년 03월 07일,동구,0,0,0,0,0,0,0,0,0,0,0,0
31,2023년 03월 07일,서구,0,0,0,0,0,0,0,0,0,0,0,0
32,2023년 03월 07일,중구,0,0,0,0,0,0,0,0,0,0,0,0
33,2023년 03월 07일,대덕구,0,0,0,0,0,0,0,0,0,0,0,0
34,2023년 03월 07일,유성구,0,0,0,0,0,0,0,0,0,0,0,0
35,2023년 03월 08일,동구,0,0,0,0,0,0,0,0,0,0,0,0
36,2023년 03월 08일,서구,0,0,0,0,0,0,0,0,0,0,0,0
37,2023년 03월 08일,중구,0,0,0,0,0,0,0,0,0,0,0,0
38,2023년 03월 08일,대덕구,0,0,0,0,0,0,0,0,0,0,0,0
39,2023년 03월 08일,유성구,0,0,0,0,0,0,0,0,0,0,0,0
40,2023년 03월 09일,동구,0,0,0,0,0,0,0,0,0,0,0,0
41,2023년 03월 09일,서구,0,0,0,0,0,0,0,0,0,0,0,0
42,2023년 03월 09일,중구,0,0,0,0,0,0,0,0,0,0,0,0
43,2023년 03월 09일,대덕구,0,0,0,0,0,0,0,0,0,0,0,0
44,2023년 03월 09일,유성구,0,0,0,0,0,0,0,0,0,0,0,0
45,2023년 03월 10일,동구,160646,142177,38857,170632,149969,40635,161344,142815,38926,160829,142312,38857
46,2023년 03월 10일,서구,232697,202481,54769,244968,212052,56870,233573,203194,54837,232843,202585,54769
47,2023년 03월 10일,중구,125080,114690,26972,134155,121179,28362,125804,115280,27025,125207,114766,26972
48,2023년 03월 10일,대덕구,81181,71616,16324,86391,75238,16913,81607,71962,16347,81241,71658,16324
49,2023년 03월 10일,유성구,148336,133632,31018,157801,141238,32579,149047,134260,31073,148400,133675,31018
50,2023년 03월 11일,동구,124598,110543,26467,130104,114978,27440,125492,111351,26566,124765,110693,26467
51,2023년 03월 11일,서구,163541,141947,36461,173093,149390,37882,164937,143086,36639,163644,142009,36461
52,2023년 03월 11일,중구,94566,86224,18029,100387,90711,18798,95544,87038,18129,94652,86279,18029
53,2023년 03월 11일,대덕구,53328,46373,9484,56209,48408,9854,53781,46719,9529,53373,46409,9484
54,2023년 03월 11일,유성구,97768,88938,18932,103432,93724,19847,98791,89871,19047,97833,88982,18932
55,2023년 03월 12일,동구,86844,71046,16535,91561,74606,17326,87285,71395,16593,86933,71122,16535
56,2023년 03월 12일,서구,99989,86608,23340,107349,92213,24558,100823,87290,23442,100056,86645,23340
57,2023년 03월 12일,중구,59028,51493,11006,63043,54450,11532,59477,51846,11036,59067,51515,11006
58,2023년 03월 12일,대덕구,31464,28102,5291,33440,29610,5563,31680,28287,5302,31491,28123,5291
59,2023년 03월 12일,유성구,61134,58183,12636,65492,61901,13427,61664,58640,12688,61165,58197,12636
60,2023년 03월 13일,동구,149412,130838,38722,159012,138209,40570,150065,131447,38780,149594,130989,38722
61,2023년 03월 13일,서구,219265,191203,53503,230383,199957,55484,220049,191856,53565,219438,191318,53503
62,2023년 03월 13일,중구,116884,104719,26232,125329,110517,27589,117646,105333,26278,116981,104783,26232
63,2023년 03월 13일,대덕구,77773,70341,16213,82780,74027,16870,78146,70646,16242,77857,70413,16213
64,2023년 03월 13일,유성구,140569,127371,31150,149344,134583,32761,141170,127899,31191,140622,127408,31150
65,2023년 03월 14일,동구,151425,133553,39552,160783,140718,41341,152069,134158,39614,151608,133693,39552
66,2023년 03월 14일,서구,226996,197049,54560,238098,205814,56450,227805,197741,54612,227169,197158,54560
67,2023년 03월 14일,중구,120705,108970,27040,129153,114740,28450,121464,109538,27091,120837,109047,27040
68,2023년 03월 14일,대덕구,79487,71292,16460,84649,74945,17064,79891,71631,16481,79556,71341,16460
69,2023년 03월 14일,유성구,148207,134507,32456,156715,141500,33967,148825,135068,32506,148269,134549,32456
70,2023년 03월 15일,동구,151517,133282,39471,161008,140512,41295,152199,133920,39537,151684,133405,39471
71,2023년 03월 15일,서구,227267,197139,54534,238578,206073,56486,228060,197815,54593,227436,197251,54534
72,2023년 03월 15일,중구,120183,108849,26770,128861,114868,28140,120933,109441,26811,120304,108930,26770
73,2023년 03월 15일,대덕구,79078,70797,16193,84190,74509,16863,79510,71158,16214,79154,70838,16193
74,2023년 03월 15일,유성구,144954,130985,31738,153582,138008,33276,145634,131602,31808,145010,131018,31738
75,2023년 03월 16일,동구,151925,135064,39745,161176,142112,41562,152589,135683,39802,152117,135217,39745
76,2023년 03월 16일,서구,225548,195982,53840,236504,204588,55659,226338,196665,53905,225720,196103,53840
77,2023년 03월 16일,중구,119490,107390,26398,127759,113116,27729,120198,107944,26443,119595,107457,26398
78,2023년 03월 16일,대덕구,78990,70867,16240,84039,74534,16871,79414,71221,16266,79071,70932,16240
79,2023년 03월 16일,유성구,144688,130739,31349,153345,137794,32861,145312,131286,31399,144733,130768,31349
80,2023년 03월 17일,동구,155720,138191,38219,165389,145649,39896,156427,138865,38285,155881,138332,38219
81,2023년 03월 17일,서구,230853,199844,54223,242976,209178,56243,231805,200644,54305,231005,199941,54226
82,2023년 03월 17일,중구,121569,111773,26534,130413,118045,27889,122325,112349,26579,121684,111842,26535
83,2023년 03월 17일,대덕구,79023,70167,15794,84006,73705,16368,79456,70535,15822,79093,70214,15794
84,2023년 03월 17일,유성구,144610,130301,30323,153618,137674,31826,145333,130934,30381,144649,130323,30323
85,2023년 03월 18일,동구,121839,106958,26397,127374,111297,27323,122869,107875,26484,121999,107088,26397
86,2023년 03월 18일,서구,152694,132297,34199,161641,139369,35583,154093,133488,34410,152806,132358,34199
87,2023년 03월 18일,중구,90431,83386,16973,95878,87502,17639,91484,84257,17043,90511,83430,16973
88,2023년 03월 18일,대덕구,52923,46244,9266,55690,48210,9610,53388,46606,9305,52973,46284,9266
89,2023년 03월 18일,유성구,90317,81960,17666,95733,86509,18543,91405,82911,17791,90356,81986,17666
90,2023년 03월 19일,동구,98525,81784,18932,103456,85456,19735,99151,82326,18990,98623,81871,18932
91,2023년 03월 19일,서구,110581,96292,25404,118168,102213,26551,111510,97065,25498,110659,96344,25404
92,2023년 03월 19일,중구,69074,61514,12656,73839,65070,13246,69792,62121,12708,69132,61547,12656
93,2023년 03월 19일,대덕구,35233,31737,5838,37415,33341,6123,35550,31985,5860,35263,31755,5838
94,2023년 03월 19일,유성구,71045,67428,14748,75610,71371,15494,71767,68061,14841,71094,67468,14748
95,2023년 03월 20일,동구,151378,132829,38325,160459,139787,40043,152006,133448,38389,151565,132963,38325
96,2023년 03월 20일,서구,216301,188380,52138,227030,196873,53940,217094,189053,52207,216448,188481,52138
97,2023년 03월 20일,중구,117005,105800,26392,124966,111218,27667,117740,106365,26430,117111,105867,26392
98,2023년 03월 20일,대덕구,77142,69680,15768,82190,73363,16401,77526,69991,15787,77212,69731,15768
99,2023년 03월 20일,유성구,136844,123742,30398,145213,130550,31880,137434,124264,30446,136900,123778,30398
100,2023년 03월 21일,동구,153888,135298,40659,163177,142307,42433,154523,135903,40714,154072,135442,40659
101,2023년 03월 21일,서구,224279,194869,53569,235225,203531,55421,225039,195499,53620,224444,194987,53569
102,2023년 03월 21일,중구,120946,108992,27126,129325,114776,28480,121678,109549,27180,121077,109075,27126
103,2023년 03월 21일,대덕구,79080,71148,16201,84144,74728,16799,79473,71466,16220,79153,71195,16201
104,2023년 03월 21일,유성구,144220,129863,31373,152624,136636,32818,144803,130387,31417,144283,129906,31373
105,2023년 03월 22일,동구,153312,134088,40147,162526,141110,41933,153971,134704,40201,153499,134244,40147
106,2023년 03월 22일,서구,227842,197478,54851,238874,206034,56730,228609,198116,54912,228000,197582,54851
107,2023년 03월 22일,중구,120706,109407,27392,129171,115296,28754,121442,109963,27433,120794,109462,27392
108,2023년 03월 22일,대덕구,80018,72110,16722,84932,75622,17306,80467,72485,16749,80095,72164,16722
109,2023년 03월 22일,유성구,146386,132003,32012,154736,138735,33456,147084,132615,32071,146449,132046,32012
110,2023년 03월 23일,동구,146213,128213,37752,155360,135256,39508,146853,128812,37812,146376,128345,37752
111,2023년 03월 23일,서구,218478,187765,51440,230122,196711,53354,219249,188394,51501,218639,187861,51440
112,2023년 03월 23일,중구,115125,103229,25260,124184,109241,26616,115775,103731,25299,115222,103283,25260
113,2023년 03월 23일,대덕구,78874,70297,16150,83625,73638,16726,79274,70636,16178,78943,70346,16150
114,2023년 03월 23일,유성구,142927,127275,30492,151525,134212,31969,143530,127807,30546,142973,127301,30492
115,2023년 03월 24일,동구,162161,144169,39936,172148,151897,41784,162884,144843,40009,162373,144341,39936
116,2023년 03월 24일,서구,234589,203231,55707,246649,212638,57764,235565,204039,55792,234756,203339,55707
117,2023년 03월 24일,중구,126690,116277,27340,136055,122815,28711,127432,116859,27390,126809,116351,27340
118,2023년 03월 24일,대덕구,81219,71577,16154,86193,75166,16742,81673,71971,16184,81289,71627,16154
119,2023년 03월 24일,유성구,151430,136067,31812,160404,143251,33295,152164,136699,31864,151490,136102,31812
120,2023년 03월 25일,동구,124256,110803,27252,130350,115742,28291,125335,111769,27360,124408,110923,27252
121,2023년 03월 25일,서구,162532,140144,36375,172481,147785,37883,164012,141379,36562,162652,140213,36375
122,2023년 03월 25일,중구,92348,84317,17792,98034,88599,18540,93353,85112,17861,92421,84364,17792
123,2023년 03월 25일,대덕구,52215,45170,9430,55250,47364,9853,52713,45567,9492,52252,45204,9430
124,2023년 03월 25일,유성구,97131,88751,19156,103070,93706,20093,98225,89731,19248,97174,88787,19156
125,2023년 03월 26일,동구,105339,87119,20129,111159,91537,21086,106093,87740,20207,105457,87217,20129
126,2023년 03월 26일,서구,120409,104238,28017,129324,111285,29485,121509,105091,28129,120491,104294,28017
127,2023년 03월 26일,중구,72268,64503,13559,77539,68273,14234,73062,65181,13600,72316,64536,13559
128,2023년 03월 26일,대덕구,37136,33421,6488,39562,35194,6862,37511,33704,6534,37163,33439,6488
129,2023년 03월 26일,유성구,78454,74408,16290,84231,79336,17234,79217,75112,16371,78501,74438,16290
130,2023년 03월 27일,동구,157421,137464,40312,166730,144511,42041,158122,138096,40375,157605,137615,40312
131,2023년 03월 27일,서구,223995,194142,54586,235079,202780,56479,224789,194790,54642,224153,194242,54586
132,2023년 03월 27일,중구,119543,107751,26928,127964,113494,28275,120281,108322,26964,119638,107819,26928
133,2023년 03월 27일,대덕구,78636,70963,16191,83750,74610,16819,79055,71333,16214,78719,71011,16192
134,2023년 03월 27일,유성구,144571,131568,32019,153034,138510,33528,145198,132139,32063,144632,131605,32020
135,2023년 03월 28일,동구,153977,136013,40327,162998,142924,42026,154599,136605,40388,154157,136159,40327
136,2023년 03월 28일,서구,225784,195750,54437,236726,204233,56247,226597,196443,54492,225944,195868,54439
137,2023년 03월 28일,중구,120189,107904,26790,128682,113740,28188,120958,108465,26840,120313,107977,26790
138,2023년 03월 28일,대덕구,81848,73474,17085,87001,77074,17683,82267,73832,17113,81910,73519,17085
139,2023년 03월 28일,유성구,147504,132950,32385,155892,139700,33838,148070,133450,32420,147578,132999,32385
140,2023년 03월 29일,동구,152819,133998,39664,162052,140995,41367,153500,134621,39720,153004,134148,39664
141,2023년 03월 29일,서구,229355,197824,55110,240648,206640,57026,230227,198527,55181,229484,197915,55110
142,2023년 03월 29일,중구,118776,107762,26610,127488,113725,28011,119471,108331,26650,118870,107823,26610
143,2023년 03월 29일,대덕구,80113,71771,16528,85180,75361,17125,80572,72153,16557,80205,71821,16528
144,2023년 03월 29일,유성구,151943,137375,33552,160397,144183,35045,152632,137993,33606,152011,137421,33552
145,2023년 03월 30일,동구,156168,137952,40407,165118,144792,42146,156854,138606,40458,156316,138075,40407
146,2023년 03월 30일,서구,227273,196381,55134,238175,204808,56997,228103,197068,55184,227416,196471,55134
147,2023년 03월 30일,중구,120448,108890,26782,128692,114544,28112,121142,109434,26820,120556,108961,26782
148,2023년 03월 30일,대덕구,79749,71317,16299,84933,74995,16909,80242,71729,16342,79828,71371,16299
149,2023년 03월 30일,유성구,147949,133215,32116,156419,139968,33594,148514,133726,32156,148022,133268,32116
150,2023년 03월 31일,동구,161672,143036,39737,171230,150434,41452,162419,143721,39807,161862,143209,39737
151,2023년 03월 31일,서구,233322,201964,55595,245423,211207,57569,234276,202795,55678,233459,202049,55595
152,2023년 03월 31일,중구,125682,114736,27584,134673,120993,28903,126461,115352,27646,125832,114825,27584
153,2023년 03월 31일,대덕구,80807,71705,16191,85786,75291,16769,81232,72067,16206,80876,71743,16191
154,2023년 03월 31일,유성구,153172,137243,32072,162727,144926,33652,153967,137927,32140,153224,137276,32072
155,2023년 04월 01일,동구,129611,114059,28861,135804,118953,29892,130857,115180,28998,129654,114107,28861
156,2023년 04월 01일,서구,165138,142007,37664,175827,150348,39472,166796,143345,37882,165138,142007,37664
157,2023년 04월 01일,중구,96590,88322,18914,102825,93037,19735,97860,89333,19038,96592,88323,18914
158,2023년 04월 01일,대덕구,53646,46877,10031,56878,49167,10454,54277,47360,10078,53646,46877,10031
159,2023년 04월 01일,유성구,108432,99064,21662,115242,104763,22830,109686,100158,21798,108432,99064,21662
160,2023년 04월 02일,동구,107669,89317,21314,112990,93364,22255,108569,90089,21416,107708,89368,21314
161,2023년 04월 02일,서구,122120,106597,29315,130864,113419,30874,123291,107572,29444,122120,106597,29315
162,2023년 04월 02일,중구,73666,65390,14006,78773,69288,14696,74476,66071,14104,73666,65390,14006
163,2023년 04월 02일,대덕구,38782,34178,6694,41256,35966,7071,39154,34485,6723,38782,34178,6694
164,2023년 04월 02일,유성구,80483,75978,17274,86147,80752,18231,81341,76756,17368,80483,75978,17274
165,2023년 04월 03일,동구,156258,137150,40263,165476,144178,42012,156960,137803,40320,156297,137206,40263
166,2023년 04월 03일,서구,224368,194373,54698,235297,202955,56698,225181,195038,54771,224368,194373,54698
167,2023년 04월 03일,중구,119872,107614,26954,128091,113194,28226,120631,108199,27002,119872,107614,26954
168,2023년 04월 03일,대덕구,81172,73316,16931,86228,76930,17558,81592,73658,16948,81172,73316,16931
169,2023년 04월 03일,유성구,143589,130200,31810,151922,136878,33289,144251,130770,31859,143591,130202,31810
170,2023년 04월 04일,동구,152473,133691,40409,161253,140333,42051,153119,134326,40463,152513,133754,40409
171,2023년 04월 04일,서구,224479,194386,54115,235174,202674,55915,225359,195111,54200,224479,194386,54115
172,2023년 04월 04일,중구,119759,107527,26613,128029,113247,27953,120539,108107,26665,119759,107527,26613
173,2023년 04월 04일,대덕구,79338,70655,16452,84380,74203,17037,79807,71035,16479,79338,70655,16452
174,2023년 04월 04일,유성구,149296,133484,32510,157758,140231,34031,150004,134149,32600,149297,133486,32510
175,2023년 04월 05일,동구,139433,120190,36006,148188,126648,37605,140053,120754,36052,139464,120233,36006
176,2023년 04월 05일,서구,214114,183425,50868,224749,191480,52579,214911,184051,50914,214114,183426,50868
177,2023년 04월 05일,중구,110682,98259,24052,118885,103673,25306,111360,98776,24097,110682,98259,24052
178,2023년 04월 05일,대덕구,74254,65900,15111,79231,69335,15687,74679,66251,15131,74254,65900,15111
179,2023년 04월 05일,유성구,138472,122260,29209,146670,128718,30560,139078,122816,29262,138473,122260,29209
180,2023년 04월 06일,동구,147050,129417,38290,156082,136223,40031,147674,130005,38332,147085,129456,38290
181,2023년 04월 06일,서구,221547,191253,53403,232118,199470,55138,222439,191953,53473,221549,191255,53403
182,2023년 04월 06일,중구,115680,104302,25968,123917,109861,27256,116401,104856,26010,115680,104302,25968
183,2023년 04월 06일,대덕구,77164,68600,15801,82249,72128,16402,77573,68938,15821,77165,68601,15801
184,2023년 04월 06일,유성구,144190,128611,30680,152596,135284,32146,144830,129205,30737,144190,128611,30680
185,2023년 04월 07일,동구,163899,144972,40637,173540,152403,42383,164675,145685,40698,163945,145027,40637
186,2023년 04월 07일,서구,234918,204148,56240,246535,213007,58146,235850,204904,56308,234920,204150,56240
187,2023년 04월 07일,중구,129400,118375,27838,138714,124876,29205,130152,118995,27898,129400,118375,27838
188,2023년 04월 07일,대덕구,83000,73596,16862,88072,77202,17449,83445,73967,16887,83001,73596,16862
189,2023년 04월 07일,유성구,150330,134669,31310,159180,141773,32763,151069,135308,31366,150332,134671,31310
190,2023년 04월 08일,동구,130770,116012,29108,136898,120862,30291,131844,116973,29210,130813,116066,29108
191,2023년 04월 08일,서구,169564,146275,38404,179754,154151,39967,171150,147585,38593,169566,146277,38404
192,2023년 04월 08일,중구,99393,90751,19026,105549,95311,19960,100581,91693,19127,99393,90751,19026
193,2023년 04월 08일,대덕구,59116,51502,11120,62454,53985,11590,59670,51927,11153,59116,51503,11120
194,2023년 04월 08일,유성구,100048,91387,19583,105466,95942,20476,101250,92480,19721,100049,91389,19583
195,2023년 04월 09일,동구,107524,89759,21548,112792,93681,22447,108262,90421,21647,107559,89802,21548
196,2023년 04월 09일,서구,121473,104939,28513,128886,110598,29676,122569,105828,28660,121473,104939,28513
197,2023년 04월 09일,중구,74953,67201,14220,79871,70784,14909,75714,67846,14278,74953,67201,14220
198,2023년 04월 09일,대덕구,40693,36342,7096,43522,38513,7558,41041,36612,7124,40694,36343,7096
199,2023년 04월 09일,유성구,79022,75158,16590,83433,78980,17375,79883,75913,16678,79024,75160,16590
200,2023년 04월 10일,동구,156456,137826,40524,165529,144767,42244,157118,138446,40584,156484,137883,40524
201,2023년 04월 10일,서구,223724,194458,53849,233973,202440,55604,224517,195109,53904,223725,194458,53849
202,2023년 04월 10일,중구,119942,107630,26714,128111,113186,28013,120675,108201,26753,119942,107630,26714
203,2023년 04월 10일,대덕구,79353,71286,16527,84315,74876,17151,79797,71632,16557,79354,71286,16527
204,2023년 04월 10일,유성구,142377,129421,31682,150517,135925,33084,143031,129994,31736,142378,129423,31682
205,2023년 04월 11일,동구,142332,124850,37863,151010,131342,39555,142951,125439,37913,142370,124904,37863
206,2023년 04월 11일,서구,215248,186662,51605,225397,194562,53305,215984,187275,51663,215248,186663,51605
207,2023년 04월 11일,중구,112815,101751,25042,120985,107290,26319,113496,102263,25078,112816,101751,25042
208,2023년 04월 11일,대덕구,76355,68117,15627,81310,71567,16173,76799,68466,15655,76356,68117,15627
209,2023년 04월 11일,유성구,138515,124737,30212,146400,130994,31584,139134,125278,30262,138515,124737,30212
210,2023년 04월 12일,동구,151922,133386,39602,160771,140101,41265,152598,134015,39650,151953,133444,39602
211,2023년 04월 12일,서구,227118,197107,54551,238221,205826,56464,228006,197849,54626,227120,197108,54551
212,2023년 04월 12일,중구,118838,107603,26678,127433,113428,28003,119539,108153,26708,118838,107604,26678
213,2023년 04월 12일,대덕구,80135,71729,16518,85165,75283,17087,80587,72095,16541,80135,71729,16518
214,2023년 04월 12일,유성구,145951,131654,31802,154231,138296,33214,146632,132234,31859,145952,131655,31802
215,2023년 04월 13일,동구,154852,137042,40346,163664,143732,42057,155544,137703,40404,154881,137084,40346
216,2023년 04월 13일,서구,228369,197778,54869,238862,205943,56637,229182,198448,54916,228369,197778,54869
217,2023년 04월 13일,중구,119982,108675,26844,128063,114266,28076,120701,109237,26886,119982,108675,26844
218,2023년 04월 13일,대덕구,82879,73802,17029,87871,77253,17581,83317,74149,17055,82881,73804,17029
219,2023년 04월 13일,유성구,145157,131292,31532,153317,137788,32921,145802,131861,31579,145157,131292,31532
220,2023년 04월 14일,동구,158659,140818,39537,167976,147899,41246,159373,141491,39601,158697,140881,39537
221,2023년 04월 14일,서구,231456,200741,54491,242476,209264,56307,232436,201537,54572,231456,200741,54491
222,2023년 04월 14일,중구,123084,112299,26776,131413,117997,27983,123788,112847,26812,123084,112299,26776
223,2023년 04월 14일,대덕구,80629,71944,16450,85428,75330,17008,81074,72302,16471,80629,71944,16450
224,2023년 04월 14일,유성구,147976,133358,30850,156308,140033,32211,148701,134006,30896,147978,133360,30850
225,2023년 04월 15일,동구,116292,102835,25356,120942,106415,26154,117184,103613,25452,116328,102880,25356
226,2023년 04월 15일,서구,149210,128424,33159,156900,134179,34207,150489,129456,33344,149210,128424,33159
227,2023년 04월 15일,중구,86050,78146,16658,90679,81504,17290,86852,78770,16713,86050,78146,16658
228,2023년 04월 15일,대덕구,49313,42453,8691,51816,44252,9009,49719,42756,8719,49313,42453,8691
229,2023년 04월 15일,유성구,88860,80393,16813,93370,84155,17499,89691,81124,16897,88861,80394,16813
230,2023년 04월 16일,동구,101736,85005,20454,106118,88305,21190,102474,85648,20528,101768,85050,20454
231,2023년 04월 16일,서구,115970,100938,27101,122558,106026,28129,116975,101801,27225,115970,100938,27101
232,2023년 04월 16일,중구,69190,61677,13604,73013,64426,14186,69973,62346,13678,69190,61677,13604
233,2023년 04월 16일,대덕구,37537,32950,6382,39580,34366,6615,37867,33219,6404,37537,32950,6382
234,2023년 04월 16일,유성구,71533,67642,14546,75717,71077,15218,72441,68405,14649,71533,67642,14546
235,2023년 04월 17일,동구,154868,136414,40590,163488,142942,42226,155583,137077,40654,154907,136466,40590
236,2023년 04월 17일,서구,219566,191207,52939,229720,199079,54620,220443,191939,53016,219566,191207,52939
237,2023년 04월 17일,중구,118768,106713,26323,126672,112063,27577,119483,107262,26368,118768,106713,26323
238,2023년 04월 17일,대덕구,78962,70398,16283,83787,73843,16858,79377,70746,16311,78963,70399,16283
239,2023년 04월 17일,유성구,139627,126774,30786,147537,133131,32155,140251,127315,30818,139628,126775,30786
240,2023년 04월 18일,동구,141285,123377,37510,149636,129634,39096,141956,123993,37567,141329,123423,37510
241,2023년 04월 18일,서구,212435,183450,50539,222604,191252,52205,213271,184123,50586,212435,183450,50539
242,2023년 04월 18일,중구,112584,101057,25324,120674,106469,26595,113263,101568,25364,112584,101057,25324
243,2023년 04월 18일,대덕구,76067,67524,15583,81056,70970,16210,76466,67838,15600,76067,67524,15583
244,2023년 04월 18일,유성구,137352,123038,29754,145270,129258,31089,137957,123585,29805,137354,123041,29754
245,2023년 04월 19일,동구,152981,134264,40742,161635,140740,42395,153684,134921,40812,153017,134309,40742
246,2023년 04월 19일,서구,229787,198891,55826,240493,207193,57605,230902,199842,55975,229787,198891,55826
247,2023년 04월 19일,중구,121393,110173,27020,130335,116129,28364,122126,110737,27067,121393,110173,27020
248,2023년 04월 19일,대덕구,80184,71521,16474,85196,75062,17090,80635,71892,16499,80185,71522,16474
249,2023년 04월 19일,유성구,148361,134162,32618,156413,140618,34002,149134,134789,32698,148361,134162,32618
250,2023년 04월 20일,동구,156493,138130,41558,164973,144603,43229,157148,138748,41619,156521,138168,41558
251,2023년 04월 20일,서구,228803,198169,54966,238990,206070,56649,229662,198866,55040,228804,198170,54966
252,2023년 04월 20일,중구,123503,111567,27796,131604,117090,29037,124167,112082,27828,123503,111567,27796
253,2023년 04월 20일,대덕구,80657,72092,16588,85555,75493,17154,81061,72418,16612,80659,72092,16588
254,2023년 04월 20일,유성구,145096,130794,31696,153135,137167,33103,145709,131344,31751,145098,130797,31696
255,2023년 04월 21일,동구,159043,140110,39491,167658,146609,41114,159793,140811,39563,159078,140160,39491
256,2023년 04월 21일,서구,235769,204246,56335,246884,212715,58171,236728,205040,56416,235769,204246,56335
257,2023년 04월 21일,중구,125327,114897,27238,133924,120783,28531,126080,115527,27295,125327,114897,27238
258,2023년 04월 21일,대덕구,80927,71669,16214,85717,75049,16753,81369,72019,16245,80929,71670,16214
259,2023년 04월 21일,유성구,146692,131913,30690,155456,138817,32129,147446,132564,30741,146693,131914,30690
260,2023년 04월 22일,동구,124260,110697,27804,128820,114233,28567,125182,111488,27899,124298,110739,27804
261,2023년 04월 22일,서구,158905,137522,35722,166586,143467,36917,160321,138675,35883,158905,137522,35722
262,2023년 04월 22일,중구,94601,86007,18261,98994,89258,18903,95533,86799,18348,94601,86007,18261
263,2023년 04월 22일,대덕구,52486,45812,9525,55117,47678,9878,52966,46170,9555,52487,45814,9525
264,2023년 04월 22일,유성구,94694,86120,18627,99197,89918,19320,95627,86947,18736,94694,86121,18627
265,2023년 04월 23일,동구,100739,84802,20559,104682,87736,21202,101403,85360,20642,100781,84853,20559
266,2023년 04월 23일,서구,115186,99841,26967,121137,104388,27921,116244,100683,27130,115186,99841,26967
267,2023년 04월 23일,중구,71376,63938,13643,74873,66505,14155,72159,64577,13693,71376,63938,13643
268,2023년 04월 23일,대덕구,40129,35559,6781,42034,36902,7024,40441,35800,6796,40129,35559,6781
269,2023년 04월 23일,유성구,68763,65503,14030,72380,68515,14642,69556,66215,14100,68763,65503,14030
270,2023년 04월 24일,동구,152476,134042,40092,161297,140583,41742,153165,134714,40147,152514,134088,40092
271,2023년 04월 24일,서구,222952,193547,53946,233244,201601,55676,223757,194233,54012,222952,193547,53946
272,2023년 04월 24일,중구,117609,106008,26248,125570,111334,27531,118375,106593,26307,117609,106008,26248
273,2023년 04월 24일,대덕구,78789,70602,16345,83570,74039,16942,79132,70884,16365,78790,70604,16345
274,2023년 04월 24일,유성구,142785,129818,31560,150772,136156,32909,143412,130362,31608,142785,129818,31560
275,2023년 04월 25일,동구,144511,125713,37911,153313,132229,39597,145133,126312,37953,144545,125756,37911
276,2023년 04월 25일,서구,217877,188002,52196,228582,196153,53875,218721,188700,52257,217877,188002,52196
277,2023년 04월 25일,중구,114617,102774,25596,122847,108259,26925,115256,103274,25632,114617,102774,25596
278,2023년 04월 25일,대덕구,76313,67947,15750,81213,71346,16328,76652,68215,15777,76313,67947,15750
279,2023년 04월 25일,유성구,140733,125383,30664,149070,131953,32027,141313,125909,30705,140733,125383,30664
280,2023년 04월 26일,동구,155622,136491,41013,164785,143383,42732,156351,137174,41076,155653,136535,41013
281,2023년 04월 26일,서구,233054,202939,56154,244177,211630,57981,233933,203661,56208,233054,202939,56154
282,2023년 04월 26일,중구,120894,110210,27322,129734,116036,28659,121650,110804,27369,120894,110210,27322
283,2023년 04월 26일,대덕구,80565,72144,16540,85584,75705,17146,80977,72471,16572,80566,72144,16540
284,2023년 04월 26일,유성구,147725,132995,32216,156657,140101,33701,148400,133590,32262,147725,132995,32216
285,2023년 04월 27일,동구,158646,140420,41559,168186,147620,43323,159354,141066,41615,158687,140478,41559
286,2023년 04월 27일,서구,232349,200480,56012,243831,209323,57946,233242,201227,56073,232349,200480,56012
287,2023년 04월 27일,중구,121837,110488,27230,130756,116554,28524,122615,111085,27284,121837,110488,27230
288,2023년 04월 27일,대덕구,79993,71714,16810,85067,75280,17429,80419,72058,16842,79993,71714,16810
289,2023년 04월 27일,유성구,150040,135170,32467,158627,142116,33917,150708,135742,32505,150040,135170,32467
290,2023년 04월 28일,동구,167623,148599,41318,178503,157274,43411,168345,149313,41444,167674,148661,41318
291,2023년 04월 28일,서구,242244,210109,57749,257313,221714,60206,243526,211186,57920,242244,210109,57749
292,2023년 04월 28일,중구,130599,119761,28398,142699,128148,30035,131459,120398,28478,130599,119761,28398
293,2023년 04월 28일,대덕구,84955,75482,17350,90622,79390,18052,85393,75838,17380,84956,75483,17350
294,2023년 04월 28일,유성구,153915,136614,31589,165017,145576,33332,154771,137346,31668,153915,136614,31589
295,2023년 04월 29일,동구,113440,101497,24561,118253,105319,25497,114160,102116,24637,113478,101534,24561
296,2023년 04월 29일,서구,148871,127852,32921,156460,133714,34174,150057,128840,33059,148871,127852,32921
297,2023년 04월 29일,중구,86860,78327,16278,91543,81770,16956,87644,78940,16347,86860,78327,16278
298,2023년 04월 29일,대덕구,49217,41751,8796,51665,43480,9146,49583,42061,8832,49217,41752,8796
299,2023년 04월 29일,유성구,93150,83786,18189,98452,88075,19111,93974,84502,18267,93150,83786,18189
300,2023년 04월 30일,동구,108740,91294,22380,113607,94976,23266,109457,91959,22463,108762,91326,22380
301,2023년 04월 30일,서구,128212,111806,29509,135277,117279,30672,129324,112738,29669,128212,111806,29509
302,2023년 04월 30일,중구,78777,70532,14498,83530,74021,15118,79597,71244,14557,78777,70532,14498
303,2023년 04월 30일,대덕구,39709,34499,7041,41957,36107,7387,40120,34812,7081,39710,34500,7041
304,2023년 04월 30일,유성구,79990,74340,16166,84717,78284,16968,80832,75111,16287,79990,74340,16166
305,2023년 05월 01일,동구,129393,112140,29637,137225,118119,31050,130186,112837,29755,129429,112188,29637
306,2023년 05월 01일,서구,168674,147064,39093,178951,155162,40695,169767,148001,39204,168674,147064,39093
307,2023년 05월 01일,중구,93751,83393,19044,102158,89045,20121,94686,84176,19126,93751,83393,19044
308,2023년 05월 01일,대덕구,52975,47283,10193,57575,50511,10713,53478,47675,10242,52976,47283,10193
309,2023년 05월 01일,유성구,105348,97880,23238,113285,104435,24576,106272,98684,23339,105348,97880,23238
310,2023년 05월 02일,동구,158001,138245,41320,167397,145410,43022,158698,138908,41384,158036,138303,41320
311,2023년 05월 02일,서구,230193,199888,55637,242836,209598,57623,231088,200624,55715,230193,199888,55637
312,2023년 05월 02일,중구,122543,110407,27394,132158,116890,28759,123373,111048,27475,122543,110407,27394
313,2023년 05월 02일,대덕구,80165,72320,16633,85301,75929,17236,80591,72661,16660,80167,72320,16633
314,2023년 05월 02일,유성구,145472,131840,31488,154307,139037,32958,146147,132438,31556,145472,131840,31488
315,2023년 05월 03일,동구,156717,137284,41048,166303,144591,42863,157388,137916,41097,156762,137336,41048
316,2023년 05월 03일,서구,234442,202887,56772,245828,211640,58534,235341,203637,56847,234442,202887,56772
317,2023년 05월 03일,중구,121169,109716,27294,130527,115968,28617,121939,110305,27345,121169,109716,27294
318,2023년 05월 03일,대덕구,83534,75087,17407,88799,78814,18077,83968,75429,17432,83535,75090,17407
319,2023년 05월 03일,유성구,148697,134711,32205,157222,141558,33654,149344,135287,32244,148697,134711,32205
320,2023년 05월 04일,동구,168413,148969,42590,179166,157204,44583,169218,149753,42701,168461,149025,42590
321,2023년 05월 04일,서구,238675,206371,57076,254295,218398,59736,239751,207233,57222,238675,206371,57076
322,2023년 05월 04일,중구,128261,117946,28374,140540,126573,29912,129376,118740,28470,128261,117946,28374
323,2023년 05월 04일,대덕구,84120,74505,17197,89329,78297,17851,84541,74875,17231,84120,74505,17197
324,2023년 05월 04일,유성구,158979,141300,33180,170306,150702,35214,159790,142071,33275,158979,141300,33180
325,2023년 05월 05일,동구,88547,77975,18182,92841,81287,18944,89099,78460,18258,88570,78004,18182
326,2023년 05월 05일,서구,109213,92214,24435,116081,97217,25523,109861,92714,24519,109213,92214,24435
327,2023년 05월 05일,중구,64096,57012,11508,68619,60193,11963,64632,57431,11565,64096,57012,11508
328,2023년 05월 05일,대덕구,35558,29792,6295,37520,31134,6580,35815,29969,6319,35558,29792,6295
329,2023년 05월 05일,유성구,70405,60057,12536,74645,63365,13185,70958,60535,12608,70405,60057,12536
330,2023년 05월 06일,동구,97395,83732,20432,101733,87099,21176,98004,84255,20501,97410,83759,20432
331,2023년 05월 06일,서구,126264,108478,28611,134191,114246,29925,127042,109113,28703,126264,108478,28611
332,2023년 05월 06일,중구,72833,65058,13622,77407,68392,14157,73381,65466,13665,72833,65058,13622
333,2023년 05월 06일,대덕구,41294,35401,7239,43522,36902,7550,41528,35576,7258,41294,35401,7239
334,2023년 05월 06일,유성구,72897,64753,14000,77380,68368,14710,73386,65166,14044,72897,64753,14000
335,2023년 05월 07일,동구,103164,84655,19831,108373,88491,20685,103916,85264,19916,103194,84691,19831
336,2023년 05월 07일,서구,115218,100857,27451,123250,107106,28726,116157,101660,27538,115218,100857,27451
337,2023년 05월 07일,중구,70735,61805,13226,76497,65927,13975,71469,62388,13274,70735,61805,13226
338,2023년 05월 07일,대덕구,36080,31790,6135,38308,33381,6437,36397,32039,6159,36080,31790,6135
339,2023년 05월 07일,유성구,69551,67209,14975,74283,71257,15773,70218,67793,15038,69551,67209,14975
340,2023년 05월 08일,동구,159974,139228,40925,169135,146225,42661,160667,139871,40990,160000,139276,40925
341,2023년 05월 08일,서구,228762,199194,56317,239728,207707,58227,229667,199947,56384,228762,199194,56317
342,2023년 05월 08일,중구,123054,110158,27806,132010,116085,29157,123814,110740,27854,123054,110158,27806
343,2023년 05월 08일,대덕구,81127,73354,16912,86126,76906,17552,81626,73750,16942,81127,73354,16912
344,2023년 05월 08일,유성구,143880,130887,32212,152216,137647,33684,144513,131459,32254,143880,130887,32212
345,2023년 05월 09일,동구,158290,139531,41744,167204,146314,43503,158933,140128,41791,158334,139586,41744
346,2023년 05월 09일,서구,233884,203291,56437,245022,211913,58268,234789,204020,56499,233884,203291,56437
347,2023년 05월 09일,중구,125120,113035,27844,134026,119153,29190,125842,113607,27892,125120,113035,27844
348,2023년 05월 09일,대덕구,81423,72684,16861,86364,76126,17450,81909,73062,16889,81425,72684,16861
349,2023년 05월 09일,유성구,152598,137672,32968,161204,144532,34411,153281,138306,33030,152598,137672,32968
350,2023년 05월 10일,동구,158258,139503,41639,167383,146650,43423,158950,140127,41691,158296,139556,41639
351,2023년 05월 10일,서구,236778,205130,56925,248841,214519,59086,237666,205864,57001,236778,205130,56925
352,2023년 05월 10일,중구,126217,113862,28170,135554,120215,29551,126981,114460,28211,126217,113862,28170
353,2023년 05월 10일,대덕구,81565,72933,16735,86549,76401,17332,82025,73322,16765,81565,72935,16735
354,2023년 05월 10일,유성구,150896,136212,32914,160009,143330,34443,151540,136771,32966,150896,136212,32914
355,2023년 05월 11일,동구,158376,140061,41516,167498,146956,43242,159015,140646,41563,158408,140112,41516
356,2023년 05월 11일,서구,235369,203796,57452,247413,213073,59479,236213,204484,57501,235369,203796,57452
357,2023년 05월 11일,중구,126037,114332,28088,135094,120592,29447,126797,114946,28133,126037,114332,28088
358,2023년 05월 11일,대덕구,81461,72794,16817,86464,76277,17417,81925,73159,16837,81461,72794,16817
359,2023년 05월 11일,유성구,149575,135141,31896,158451,142389,33453,150192,135695,31948,149575,135141,31896
360,2023년 05월 12일,동구,163299,145234,40485,173546,153259,42375,164053,145906,40552,163353,145296,40485
361,2023년 05월 12일,서구,240080,208129,56856,255408,219912,59524,241569,209336,57096,240080,208129,56856
362,2023년 05월 12일,중구,127886,116506,27622,138304,123841,29080,128804,117252,27695,127886,116506,27622
363,2023년 05월 12일,대덕구,81265,71911,16362,86393,75602,17030,81754,72309,16400,81265,71911,16362
364,2023년 05월 12일,유성구,157198,140976,31790,167637,149514,33360,158117,141806,31855,157198,140976,31790
365,2023년 05월 13일,동구,132947,116906,28790,139222,121820,29868,134009,117849,28901,133006,116960,28790
366,2023년 05월 13일,서구,172826,149488,39308,183330,157524,41017,174412,150757,39508,172826,149488,39308
367,2023년 05월 13일,중구,97427,88863,18784,103580,93458,19558,98483,89728,18845,97427,88863,18784
368,2023년 05월 13일,대덕구,57602,50187,10644,60675,52419,11124,58118,50596,10697,57602,50187,10644
369,2023년 05월 13일,유성구,111923,101742,20344,118780,107437,21374,113204,102898,20454,111923,101742,20344
370,2023년 05월 14일,동구,107879,89392,21264,112989,93322,22148,108652,90082,21349,107923,89436,21264
371,2023년 05월 14일,서구,126578,110244,29730,135455,117014,31183,127788,111211,29843,126578,110244,29730
372,2023년 05월 14일,중구,73299,65521,13826,78616,69420,14439,74135,66191,13896,73299,65521,13826
373,2023년 05월 14일,대덕구,39117,34618,6982,41528,36349,7342,39510,34925,7009,39117,34618,6982
374,2023년 05월 14일,유성구,86287,81478,16990,91902,86243,17931,87241,82381,17090,86287,81478,16990
375,2023년 05월 15일,동구,157879,138679,40874,166692,145485,42582,158492,139264,40940,157916,138730,40874
376,2023년 05월 15일,서구,225478,196037,54543,237502,205434,56719,226369,196794,54618,225478,196037,54543
377,2023년 05월 15일,중구,122789,110280,27466,131886,116472,28893,123585,110894,27525,122789,110280,27466
378,2023년 05월 15일,대덕구,79875,71466,16427,84977,75060,17056,80325,71823,16453,79875,71466,16427
379,2023년 05월 15일,유성구,142641,129064,31722,151802,136556,33322,143310,129640,31788,142641,129064,31722
380,2023년 05월 16일,동구,154608,136221,40812,162983,142601,42390,155238,136814,40860,154649,136270,40812
381,2023년 05월 16일,서구,232408,201818,56593,243155,210129,58423,233286,202550,56659,232408,201818,56593
382,2023년 05월 16일,중구,123396,111637,27450,131902,117408,28768,124139,112208,27497,123396,111637,27450
383,2023년 05월 16일,대덕구,80119,71737,16580,85037,75126,17183,80565,72086,16602,80119,71737,16580
384,2023년 05월 16일,유성구,150547,135949,32864,158851,142605,34255,151191,136534,32911,150547,135949,32864
385,2023년 05월 17일,동구,155354,136884,41010,164093,143532,42734,156044,137511,41075,155386,136930,41010
386,2023년 05월 17일,서구,233738,202427,56917,245747,211591,58911,234674,203170,56978,233738,202427,56917
387,2023년 05월 17일,중구,123277,111019,27392,132259,117328,28786,124051,111649,27443,123277,111019,27392
388,2023년 05월 17일,대덕구,80400,72067,16711,85275,75442,17300,80846,72433,16733,80400,72067,16711
389,2023년 05월 17일,유성구,148596,134572,32389,157488,141729,33897,149254,135155,32433,148596,134572,32389
390,2023년 05월 18일,동구,154099,135268,40459,162547,141653,42127,154722,135844,40501,154134,135311,40459
391,2023년 05월 18일,서구,227798,196857,55137,238744,205284,56968,228714,197546,55201,227798,196857,55137
392,2023년 05월 18일,중구,121359,109486,27134,130218,115494,28451,122015,109994,27175,121359,109486,27134
393,2023년 05월 18일,대덕구,81589,72482,17099,86511,75814,17712,82005,72814,17119,81590,72483,17099
394,2023년 05월 18일,유성구,147714,133265,32049,156143,139899,33407,148367,133846,32095,147714,133265,32049
395,2023년 05월 19일,동구,163670,144502,40260,172576,151413,41843,164399,145184,40325,163716,144562,40260
396,2023년 05월 19일,서구,236119,205349,56120,249266,215354,58384,237099,206141,56195,236119,205349,56120
397,2023년 05월 19일,중구,126676,115694,27404,136158,122002,28752,127384,116243,27460,126676,115694,27404
398,2023년 05월 19일,대덕구,81853,72544,16670,86837,76064,17254,82347,72931,16700,81853,72544,16670
399,2023년 05월 19일,유성구,154002,138433,32170,163700,146282,33610,154768,139100,32239,154002,138433,32170
400,2023년 05월 20일,동구,133754,118457,30008,139415,122791,31058,134766,119326,30089,133799,118506,30008
401,2023년 05월 20일,서구,176339,152954,41599,186790,160995,43382,177815,154239,41749,176339,152954,41599
402,2023년 05월 20일,중구,99790,91695,19220,105488,96102,20014,100908,92588,19304,99790,91695,19220
403,2023년 05월 20일,대덕구,56262,48990,10359,59345,51164,10861,56781,49416,10399,56263,48990,10359
404,2023년 05월 20일,유성구,109929,99637,21376,116173,104746,22381,111179,100675,21504,109929,99637,21376
405,2023년 05월 21일,동구,107523,89987,21904,112380,93582,22741,108261,90595,21965,107560,90034,21904
406,2023년 05월 21일,서구,124619,108740,29770,132782,115037,31037,125847,109793,29921,124619,108740,29770
407,2023년 05월 21일,중구,72662,64702,13676,77339,68226,14261,73386,65274,13732,72662,64702,13676
408,2023년 05월 21일,대덕구,39080,34339,6913,41400,35939,7246,39418,34611,6947,39080,34339,6913
409,2023년 05월 21일,유성구,76511,72621,15544,81375,76789,16371,77395,73400,15615,76511,72621,15544
410,2023년 05월 22일,동구,154389,134779,40022,162838,141118,41620,154985,135316,40066,154429,134838,40022
411,2023년 05월 22일,서구,222558,193486,54333,233043,201592,56064,223406,194206,54407,222558,193486,54333
412,2023년 05월 22일,중구,118838,106635,26574,126977,111949,27797,119465,107150,26618,118838,106635,26574
413,2023년 05월 22일,대덕구,78350,70542,16330,82995,73821,16907,78765,70873,16364,78350,70543,16330
414,2023년 05월 22일,유성구,142257,129061,31454,150401,135563,32824,142876,129582,31498,142257,129061,31454
415,2023년 05월 23일,동구,0,82,0,0,104,0,0,82,0,0,82,0
416,2023년 05월 23일,서구,0,0,0,0,0,0,0,0,0,0,0,0
417,2023년 05월 23일,중구,0,0,0,0,0,0,0,0,0,0,0,0
418,2023년 05월 23일,대덕구,0,136,0,0,153,0,0,136,0,0,136,0
419,2023년 05월 23일,유성구,0,0,0,0,0,0,0,0,0,0,0,0
420,2023년 05월 24일,동구,0,0,0,0,0,0,0,0,0,0,0,0
421,2023년 05월 24일,서구,0,0,0,0,0,0,0,0,0,0,0,0
422,2023년 05월 24일,중구,0,0,0,0,0,0,0,0,0,0,0,0
423,2023년 05월 24일,대덕구,0,0,0,0,0,0,0,0,0,0,0,0
424,2023년 05월 24일,유성구,0,0,0,0,0,0,0,0,0,0,0,0
425,2023년 05월 25일,동구,0,0,0,0,0,0,0,0,0,0,0,0
426,2023년 05월 25일,서구,0,0,0,0,0,0,0,0,0,0,0,0
427,2023년 05월 25일,중구,0,0,0,0,0,0,0,0,0,0,0,0
428,2023년 05월 25일,대덕구,0,0,0,0,0,0,0,0,0,0,0,0
429,2023년 05월 25일,유성구,0,0,0,0,0,0,0,0,0,0,0,0
430,2023년 05월 26일,동구,0,0,0,0,0,0,0,0,0,0,0,0
431,2023년 05월 26일,서구,0,0,0,0,0,0,0,0,0,0,0,0
432,2023년 05월 26일,중구,0,0,0,0,0,0,0,0,0,0,0,0
433,2023년 05월 26일,대덕구,0,0,0,0,0,0,0,0,0,0,0,0
434,2023년 05월 26일,유성구,0,0,0,0,0,0,0,0,0,0,0,0
435,2023년 05월 27일,동구,0,0,0,0,0,0,0,0,0,0,0,0
436,2023년 05월 27일,서구,0,0,0,0,0,0,0,0,0,0,0,0
437,2023년 05월 27일,중구,0,0,0,0,0,0,0,0,0,0,0,0
438,2023년 05월 27일,대덕구,0,0,0,0,0,0,0,0,0,0,0,0
439,2023년 05월 27일,유성구,0,0,0,0,0,0,0,0,0,0,0,0
440,2023년 05월 28일,동구,0,0,0,0,0,0,0,0,0,0,0,0
441,2023년 05월 28일,서구,0,0,0,0,0,0,0,0,0,0,0,0
442,2023년 05월 28일,중구,0,0,0,0,0,0,0,0,0,0,0,0
443,2023년 05월 28일,대덕구,0,0,0,0,0,0,0,0,0,0,0,0
444,2023년 05월 28일,유성구,0,0,0,0,0,0,0,0,0,0,0,0
445,2023년 05월 29일,동구,0,0,0,0,0,0,0,0,0,0,0,0
446,2023년 05월 29일,서구,0,0,0,0,0,0,0,0,0,0,0,0
447,2023년 05월 29일,중구,0,0,0,0,0,0,0,0,0,0,0,0
448,2023년 05월 29일,대덕구,0,0,0,0,0,0,0,0,0,0,0,0
449,2023년 05월 29일,유성구,0,0,0,0,0,0,0,0,0,0,0,0
450,2023년 05월 30일,동구,0,0,0,0,0,0,0,0,0,0,0,0
451,2023년 05월 30일,서구,0,0,0,0,0,0,0,0,0,0,0,0
452,2023년 05월 30일,중구,0,0,0,0,0,0,0,0,0,0,0,0
453,2023년 05월 30일,대덕구,0,0,0,0,0,0,0,0,0,0,0,0
454,2023년 05월 30일,유성구,0,0,0,0,0,0,0,0,0,0,0,0
455,2023년 05월 31일,동구,0,0,0,0,0,0,0,0,0,0,0,0
456,2023년 05월 31일,서구,0,0,0,0,0,0,0,0,0,0,0,0
457,2023년 05월 31일,중구,0,0,0,0,0,0,0,0,0,0,0,0
458,2023년 05월 31일,대덕구,0,0,0,0,0,0,0,0,0,0,0,0
459,2023년 05월 31일,유성구,0,0,0,0,0,0,0,0,0,0,0,0
460,2023년 06월 01일,동구,156183,138365,41295,165153,145180,43003,156872,138996,41346,156215,138411,41295
461,2023년 06월 01일,서구,229452,198768,54969,241357,207866,56896,230379,199528,55045,229452,198768,54969
462,2023년 06월 01일,중구,123305,111109,27518,132853,117432,28911,124014,111678,27570,123305,111109,27518
463,2023년 06월 01일,대덕구,79920,71392,16480,84621,74573,17072,80378,71735,16510,79921,71392,16480
464,2023년 06월 01일,유성구,146847,132281,32000,155046,138821,33384,147469,132822,32047,146847,132281,32000
465,2023년 06월 02일,동구,162585,143142,40461,171778,150034,42138,163229,143750,40523,162633,143207,40461
466,2023년 06월 02일,서구,234804,204611,55922,246734,213725,57886,235803,205419,56024,234804,204611,55922
467,2023년 06월 02일,중구,125999,114599,27182,135473,121065,28552,126767,115204,27239,125999,114599,27182
468,2023년 06월 02일,대덕구,81207,71963,16510,86085,75247,17107,81675,72317,16540,81207,71963,16510
469,2023년 06월 02일,유성구,148597,132931,30965,157303,139789,32331,149342,133594,31013,148597,132931,30965
470,2023년 06월 03일,동구,129560,116176,28810,135508,120883,29917,130696,117165,28924,129607,116231,28810
471,2023년 06월 03일,서구,165814,144022,37226,175334,151295,38710,167492,145392,37447,165814,144022,37226
472,2023년 06월 03일,중구,97783,88968,18644,104157,93684,19516,99031,90002,18747,97783,88968,18644
473,2023년 06월 03일,대덕구,55989,48601,10163,59036,50754,10559,56496,49009,10204,55989,48601,10163
474,2023년 06월 03일,유성구,100538,90199,19414,106317,94895,20332,101760,91318,19561,100538,90199,19414
475,2023년 06월 04일,동구,103144,87072,21000,108032,90837,21878,103929,87709,21090,103183,87114,21000
476,2023년 06월 04일,서구,120664,105212,28539,128386,111165,29790,121830,106185,28701,120664,105212,28539
477,2023년 06월 04일,중구,74180,65945,13880,79453,69873,14530,75076,66673,13950,74180,65945,13880
478,2023년 06월 04일,대덕구,37101,32386,6627,39419,33991,6953,37473,32679,6654,37101,32386,6627
479,2023년 06월 04일,유성구,79086,73653,15717,84209,77838,16518,79943,74379,15830,79086,73653,15717
480,2023년 06월 05일,동구,156188,136658,39257,164337,142742,40697,156972,137353,39339,156224,136712,39257
481,2023년 06월 05일,서구,220750,192343,52617,231077,200495,54375,221759,193176,52728,220750,192343,52617
482,2023년 06월 05일,중구,119158,108279,26112,126480,113398,27158,119829,108854,26181,119158,108279,26112
483,2023년 06월 05일,대덕구,76295,67897,15430,80581,70842,15968,76697,68204,15461,76295,67897,15430
484,2023년 06월 05일,유성구,138137,124795,29975,145899,131058,31368,138932,125505,30051,138137,124795,29975
485,2023년 06월 06일,동구,104815,91273,23346,109849,95205,24232,105677,92029,23432,104857,91314,23346
486,2023년 06월 06일,서구,127666,110834,29716,135561,116915,31003,129045,111969,29908,127666,110834,29716
487,2023년 06월 06일,중구,76475,68721,15034,81615,72461,15666,77520,69500,15099,76475,68721,15034
488,2023년 06월 06일,대덕구,42738,38020,8066,45143,39725,8439,43167,38372,8116,42738,38021,8066
489,2023년 06월 06일,유성구,79275,72805,15466,84504,77038,16215,80403,73809,15575,79275,72805,15466
490,2023년 06월 07일,동구,156180,137531,41387,164912,144014,42985,156851,138135,41436,156220,137587,41387
491,2023년 06월 07일,서구,229979,198923,55680,240821,207237,57430,230835,199608,55758,229979,198923,55680
492,2023년 06월 07일,중구,119809,108989,27112,128051,114470,28409,120469,109497,27154,119809,108989,27112
493,2023년 06월 07일,대덕구,80603,72563,16816,85339,75817,17386,81044,72904,16837,80606,72563,16816
494,2023년 06월 07일,유성구,144782,130868,31949,152864,137213,33329,145445,131462,31985,144782,130868,31949
495,2023년 06월 08일,동구,151330,133688,40107,159508,139811,41615,151982,134285,40163,151371,133739,40107
496,2023년 06월 08일,서구,224998,195331,53899,235377,203315,55530,225832,196018,53955,224998,195331,53899
497,2023년 06월 08일,중구,119876,108613,26450,128011,114067,27686,120518,109127,26492,119876,108613,26450
498,2023년 06월 08일,대덕구,81064,71989,16791,85803,75142,17321,81509,72320,16812,81065,71989,16791
499,2023년 06월 08일,유성구,143786,129896,31067,151824,136245,32379,144393,130435,31111,143786,129896,31067
500,2023년 06월 09일,동구,161523,142605,40874,170311,149146,42466,162249,143306,40946,161580,142670,40874
501,2023년 06월 09일,서구,233658,202789,55985,244933,211398,57831,234614,203543,56059,233658,202789,55985
502,2023년 06월 09일,중구,126482,115039,27608,135340,121004,28907,127185,115585,27666,126482,115039,27608
503,2023년 06월 09일,대덕구,80624,71497,16011,85334,74733,16572,81069,71828,16038,80625,71498,16011
504,2023년 06월 09일,유성구,148269,133289,31408,156772,140061,32764,149021,133946,31446,148269,133289,31408
505,2023년 06월 10일,동구,124631,110590,27962,129399,114234,28823,125631,111449,28097,124670,110640,27962
506,2023년 06월 10일,서구,163023,140676,37395,171305,146909,38643,164490,141913,37567,163023,140676,37395
507,2023년 06월 10일,중구,95493,87036,18674,100628,90944,19407,96516,87881,18757,95493,87036,18674
508,2023년 06월 10일,대덕구,52765,46149,9562,55529,48025,9916,53226,46521,9588,52765,46149,9562
509,2023년 06월 10일,유성구,95928,87530,19114,101051,91776,19951,97062,88536,19264,95928,87530,19114
510,2023년 06월 11일,동구,96116,81697,20104,100313,84870,20867,96741,82215,20185,96150,81736,20104
511,2023년 06월 11일,서구,113419,98709,26083,119877,103640,27065,114513,99620,26222,113419,98709,26083
512,2023년 06월 11일,중구,68627,61149,13238,72495,63988,13794,69393,61795,13314,68627,61149,13238
513,2023년 06월 11일,대덕구,36254,31837,6128,38152,33137,6385,36645,32137,6167,36255,31837,6128
514,2023년 06월 11일,유성구,67200,63050,13768,70985,66240,14372,68086,63845,13885,67200,63050,13768
515,2023년 06월 12일,동구,152274,133626,40235,160827,139909,41817,152922,134210,40286,152318,133680,40235
516,2023년 06월 12일,서구,223162,193764,54350,233577,201744,56154,224029,194450,54412,223162,193764,54350
517,2023년 06월 12일,중구,117986,106513,26634,126223,111939,27873,118686,107037,26682,117986,106513,26634
518,2023년 06월 12일,대덕구,78438,70550,16550,83198,73818,17127,78854,70871,16575,78438,70550,16550
519,2023년 06월 12일,유성구,141832,128122,31146,149768,134369,32520,142443,128682,31184,141832,128122,31146
520,2023년 06월 13일,동구,152874,134792,40833,161329,141024,42399,153524,135382,40886,152917,134853,40833
521,2023년 06월 13일,서구,228886,198811,55448,239270,206672,57131,229743,199494,55509,228886,198811,55448
522,2023년 06월 13일,중구,120209,108386,27084,128395,113840,28326,120850,108888,27113,120209,108386,27084
523,2023년 06월 13일,대덕구,81641,73242,17397,86582,76575,17987,82075,73562,17416,81641,73242,17397
524,2023년 06월 13일,유성구,145906,131118,31926,153871,137440,33251,146535,131682,31962,145906,131118,31926
525,2023년 06월 14일,동구,148778,131356,39300,157417,137838,40881,149463,131971,39363,148816,131414,39300
526,2023년 06월 14일,서구,231145,200601,56042,241761,208736,57819,232009,201308,56105,231145,200601,56042
527,2023년 06월 14일,중구,120143,108701,26572,128463,114162,27867,120838,109243,26614,120143,108701,26572
528,2023년 06월 14일,대덕구,79578,71045,16684,84662,74491,17308,80045,71409,16706,79578,71046,16684
529,2023년 06월 14일,유성구,147682,132819,32446,155722,139134,33842,148345,133401,32486,147682,132819,32446
530,2023년 06월 15일,동구,152833,134224,39808,161166,140375,41304,153449,134781,39875,152863,134281,39808
531,2023년 06월 15일,서구,227682,197809,54818,237959,205727,56472,228565,198522,54879,227682,197809,54818
532,2023년 06월 15일,중구,121862,110821,27446,129883,116147,28633,122540,111324,27471,121862,110821,27446
533,2023년 06월 15일,대덕구,79493,70683,16439,84339,73916,17006,79911,71014,16466,79493,70683,16439
534,2023년 06월 15일,유성구,144488,130441,30942,152352,136566,32196,145111,130999,30987,144488,130441,30942
535,2023년 06월 16일,동구,158835,140073,39252,167295,146371,40794,159551,140709,39315,158877,140120,39252
536,2023년 06월 16일,서구,234132,203803,55946,244842,212028,57648,235155,204600,56024,234132,203803,55946
537,2023년 06월 16일,중구,126869,116256,27458,135316,121956,28677,127570,116821,27505,126869,116256,27458
538,2023년 06월 16일,대덕구,81132,71280,16548,85585,74347,17090,81635,71691,16576,81132,71280,16548
539,2023년 06월 16일,유성구,148416,132951,30846,156606,139460,32096,149240,133656,30903,148416,132951,30846
540,2023년 06월 17일,동구,127435,113685,28620,132326,117434,29493,128514,114579,28742,127471,113724,28620
541,2023년 06월 17일,서구,165785,142789,37824,173883,149038,39049,167284,144039,38030,165785,142789,37824
542,2023년 06월 17일,중구,97139,88488,19284,102016,92091,19989,98141,89322,19386,97139,88488,19284
543,2023년 06월 17일,대덕구,54254,47198,9963,56991,49084,10346,54776,47601,9998,54254,47198,9963
544,2023년 06월 17일,유성구,99901,91175,19570,104803,95165,20355,100949,92126,19690,99901,91175,19570
545,2023년 06월 18일,동구,100950,85267,20865,105091,88424,21557,101634,85893,20956,100985,85304,20865
546,2023년 06월 18일,서구,118782,103068,28355,125075,107865,29312,119934,104000,28489,118782,103068,28355
547,2023년 06월 18일,중구,71496,64044,13788,75249,66819,14322,72251,64653,13847,71496,64044,13788
548,2023년 06월 18일,대덕구,39002,34488,6930,40992,35849,7206,39379,34777,6956,39002,34488,6930
549,2023년 06월 18일,유성구,72986,68290,14866,76791,71483,15476,73785,68983,14976,72986,68290,14866
550,2023년 06월 19일,동구,0,62,0,0,88,0,0,62,0,0,62,0
551,2023년 06월 19일,서구,0,0,0,0,0,0,0,0,0,0,0,0
552,2023년 06월 19일,중구,0,0,0,0,0,0,0,0,0,0,0,0
553,2023년 06월 19일,대덕구,4,88,0,4,102,0,4,88,0,4,88,0
554,2023년 06월 19일,유성구,0,0,0,0,0,0,0,0,0,0,0,0
555,2023년 06월 20일,동구,152543,134033,40026,160697,140106,41522,153167,134614,40090,152585,134078,40026
556,2023년 06월 20일,서구,231487,201456,56349,241587,209179,57959,232362,202149,56421,231487,201456,56349
557,2023년 06월 20일,중구,124678,113289,27452,132846,118593,28702,125331,113785,27487,124678,113289,27452
558,2023년 06월 20일,대덕구,78796,70148,16281,83494,73256,16828,79274,70501,16306,78796,70148,16281
559,2023년 06월 20일,유성구,153439,138091,32078,161238,144276,33300,154140,138738,32132,153439,138091,32078
560,2023년 06월 21일,동구,142886,126817,36761,151013,132800,38172,143511,127411,36816,142915,126857,36761
561,2023년 06월 21일,서구,223140,192610,53183,233241,200219,54695,223971,193275,53239,223140,192610,53183
562,2023년 06월 21일,중구,119673,108018,25360,127912,113361,26488,120332,108536,25395,119673,108018,25360
563,2023년 06월 21일,대덕구,74546,65873,15505,79074,68871,16010,74964,66169,15526,74546,65873,15505
564,2023년 06월 21일,유성구,139000,124848,28866,146415,130640,29992,139613,125381,28904,139000,124848,28866
565,2023년 06월 22일,동구,146532,130405,38027,154264,136249,39345,147155,130946,38077,146576,130462,38027
566,2023년 06월 22일,서구,227265,196076,53863,237255,203665,55365,228153,196779,53926,227265,196076,53863
567,2023년 06월 22일,중구,123794,112203,25965,131984,117468,27108,124407,112696,25997,123794,112203,25965
568,2023년 06월 22일,대덕구,76488,67968,15932,80936,70890,16422,76920,68293,15955,76488,67968,15932
569,2023년 06월 22일,유성구,139463,126421,29089,146632,132035,30146,140101,127003,29152,139463,126421,29089
570,2023년 06월 23일,동구,156614,139909,39061,164842,146006,40433,157354,140593,39127,156673,139969,39061
571,2023년 06월 23일,서구,235151,204859,55443,245751,212878,57046,236106,205630,55523,235151,204859,55443
572,2023년 06월 23일,중구,126173,115356,26896,134711,120856,28084,126929,115926,26960,126173,115356,26896
573,2023년 06월 23일,대덕구,81771,72350,16725,86265,75348,17204,82260,72741,16762,81771,72350,16725
574,2023년 06월 23일,유성구,144142,129701,29811,151780,135786,30926,145067,130430,29845,144142,129701,29811
575,2023년 06월 24일,동구,125973,111946,27797,130669,115527,28602,126982,112822,27918,126019,112002,27797
576,2023년 06월 24일,서구,162719,140748,36924,169879,146201,38005,164144,141957,37082,162719,140748,36924
577,2023년 06월 24일,중구,94734,87390,18560,98954,90551,19154,95767,88213,18652,94734,87390,18560
578,2023년 06월 24일,대덕구,53703,46505,9972,56429,48421,10337,54193,46868,10012,53703,46505,9972
579,2023년 06월 24일,유성구,101229,92024,20326,105676,95697,20970,102325,93001,20456,101229,92024,20326
580,2023년 06월 25일,동구,97323,82415,20226,101136,85274,20952,98014,82994,20289,97359,82468,20226
581,2023년 06월 25일,서구,117118,101627,27275,122884,105907,28190,118213,102536,27414,117118,101627,27275
582,2023년 06월 25일,중구,69227,62624,13582,72815,65324,14149,69962,63191,13648,69227,62624,13582
583,2023년 06월 25일,대덕구,36635,32165,6462,38665,33599,6751,37010,32453,6498,36635,32165,6462
584,2023년 06월 25일,유성구,71037,66530,14725,74479,69433,15311,71838,67270,14806,71037,66530,14725
585,2023년 06월 26일,동구,131768,115674,33589,139145,121145,34767,132358,116198,33643,131800,115713,33589
586,2023년 06월 26일,서구,206003,177055,48813,215484,184049,50176,206893,177755,48884,206003,177055,48813
587,2023년 06월 26일,중구,110478,98840,23656,118276,103818,24755,111134,99356,23702,110478,98840,23656
588,2023년 06월 26일,대덕구,69338,61890,14179,73552,64625,14625,69722,62170,14200,69338,61890,14179
589,2023년 06월 26일,유성구,125653,113525,26824,132505,118799,27821,126228,114031,26873,125653,113525,26824
590,2023년 06월 27일,동구,145939,130201,37410,153874,136040,38764,146606,130808,37467,145983,130251,37410
591,2023년 06월 27일,서구,225451,196164,54275,235742,203973,55786,226476,197002,54362,225451,196164,54275
592,2023년 06월 27일,중구,123130,111236,26310,131667,116813,27522,123846,111778,26354,123130,111236,26310
593,2023년 06월 27일,대덕구,76184,67533,15595,80579,70476,16052,76608,67863,15618,76184,67533,15595
594,2023년 06월 27일,유성구,136775,124681,29320,143920,130309,30398,137454,125289,29384,136775,124681,29320
595,2023년 06월 28일,동구,144872,128731,37973,152829,134612,39257,145554,129343,38031,144923,128797,37973
596,2023년 06월 28일,서구,225579,195848,53753,236280,203825,55294,226581,196692,53832,225579,195848,53753
597,2023년 06월 28일,중구,121416,109628,26036,130206,115306,27183,122173,110201,26079,121416,109628,26036
598,2023년 06월 28일,대덕구,77331,69185,16270,81822,72223,16741,77764,69536,16299,77331,69185,16270
599,2023년 06월 28일,유성구,137818,125085,29207,144939,130699,30262,138514,125673,29251,137818,125085,29207
600,2023년 06월 29일,동구,125051,110349,31946,132636,115845,33220,125699,110905,31990,125090,110404,31946
601,2023년 06월 29일,서구,202272,174668,47690,211952,181705,49031,203119,175344,47744,202272,174668,47690
602,2023년 06월 29일,중구,107375,95141,22624,115643,100424,23663,108010,95635,22671,107375,95141,22624
603,2023년 06월 29일,대덕구,67968,59805,13885,72237,62473,14331,68374,60122,13903,67969,59806,13885
604,2023년 06월 29일,유성구,126202,112787,26407,133043,118087,27336,126788,113284,26456,126202,112787,26407
605,2023년 06월 30일,동구,146348,130367,35975,155621,137456,37519,147078,131019,36049,146400,130415,35975
606,2023년 06월 30일,서구,225408,195457,52717,240049,206451,54644,226369,196236,52792,225408,195457,52717
607,2023년 06월 30일,중구,121438,109942,25514,132866,117420,26805,122146,110458,25551,121438,109942,25514
608,2023년 06월 30일,대덕구,76260,67700,15554,81069,70983,16108,76724,68034,15578,76261,67700,15554
609,2023년 06월 30일,유성구,140358,125217,28627,150384,133149,29985,141105,125881,28668,140358,125217,28627
610,2023년 07월 01일,동구,120309,106568,26752,125222,110384,27625,121452,107563,26868,120352,106608,26752
611,2023년 07월 01일,서구,161978,140206,36835,171223,147281,38338,163627,141545,37073,161978,140206,36835
612,2023년 07월 01일,중구,92218,84285,18226,97502,88268,18832,93275,85117,18295,92218,84285,18226
613,2023년 07월 01일,대덕구,51831,45352,9888,54534,47309,10326,52396,45797,9946,51831,45352,9888
614,2023년 07월 01일,유성구,96606,88222,19277,101977,92757,20126,97642,89188,19377,96606,88222,19277
615,2023년 07월 02일,동구,96446,82571,19839,100430,85676,20538,97235,83180,19925,96479,82613,19839
616,2023년 07월 02일,서구,119738,103719,27814,127539,109646,29020,120961,104677,27939,119738,103719,27814
617,2023년 07월 02일,중구,68194,61072,13098,72475,64258,13610,68893,61602,13157,68194,61072,13098
618,2023년 07월 02일,대덕구,37024,32325,6574,39144,33799,6922,37372,32583,6592,37024,32325,6574
619,2023년 07월 02일,유성구,72286,67929,15108,76944,71760,15838,73112,68694,15200,72286,67929,15108
620,2023년 07월 03일,동구,145220,129089,37709,153325,135200,39044,145856,129678,37766,145250,129141,37709
621,2023년 07월 03일,서구,221818,192962,53676,232644,201023,55271,222707,193653,53739,221818,192962,53676
622,2023년 07월 03일,중구,120299,108232,26036,129035,113940,27205,120958,108741,26072,120299,108232,26036
623,2023년 07월 03일,대덕구,76582,68644,15964,81164,71661,16451,77043,69000,15993,76582,68644,15964
624,2023년 07월 03일,유성구,134137,122859,29376,141536,128818,30481,134787,123433,29431,134137,122859,29376
625,2023년 07월 04일,동구,132089,115862,33909,140062,121615,35254,132707,116394,33964,132126,115911,33909
626,2023년 07월 04일,서구,212988,182370,49801,223388,189997,51279,213741,182977,49851,212988,182370,49801
627,2023년 07월 04일,중구,113054,100732,24142,121534,105982,25233,113640,101176,24178,113054,100732,24142
628,2023년 07월 04일,대덕구,71562,63287,15194,76088,66152,15694,71981,63601,15219,71562,63287,15194
629,2023년 07월 04일,유성구,130436,117022,27846,137631,122526,28910,130983,117492,27877,130436,117022,27846
630,2023년 07월 05일,동구,144123,127260,37269,153296,134175,38920,144836,127884,37329,144156,127309,37269
631,2023년 07월 05일,서구,231293,200641,54937,242896,209330,56631,232285,201412,55022,231293,200641,54937
632,2023년 07월 05일,중구,123159,111279,26441,132892,117632,27784,123874,111842,26501,123159,111279,26441
633,2023년 07월 05일,대덕구,76553,68109,15887,81366,71325,16423,77049,68488,15924,76553,68109,15887
634,2023년 07월 05일,유성구,137853,125194,29233,146165,131828,30556,138597,125893,29295,137853,125194,29233
635,2023년 07월 06일,동구,146551,130111,37916,155175,136570,39441,147203,130694,37969,146595,130179,37916
636,2023년 07월 06일,서구,230587,200153,55491,241902,208571,57220,231581,200952,55580,230587,200153,55491
637,2023년 07월 06일,중구,127261,114670,27364,137166,121195,28689,127999,115257,27417,127261,114670,27364
638,2023년 07월 06일,대덕구,76234,68344,15875,81027,71473,16413,76676,68689,15897,76234,68344,15875
639,2023년 07월 06일,유성구,139862,127354,29838,147516,133503,30954,140559,127988,29895,139862,127354,29838
640,2023년 07월 07일,동구,139467,123178,34846,147315,128865,36177,140025,123668,34891,139503,123224,34846
641,2023년 07월 07일,서구,219571,189612,51874,230711,197797,53493,220376,190268,51951,219571,189612,51874
642,2023년 07월 07일,중구,116862,104942,24446,125985,110848,25661,117511,105424,24482,116862,104942,24446
643,2023년 07월 07일,대덕구,73369,63923,14768,77878,66664,15263,73773,64210,14795,73369,63923,14768
644,2023년 07월 07일,유성구,137094,120806,28588,145018,126811,29811,137695,121322,28624,137094,120806,28588
645,2023년 07월 08일,동구,121977,108058,26971,127955,112633,28060,123092,108948,27088,122010,108104,26971
646,2023년 07월 08일,서구,160261,138410,36403,170865,146451,38117,161772,139614,36574,160261,138410,36403
647,2023년 07월 08일,중구,94722,86675,18354,101266,91564,19127,95726,87461,18438,94722,86675,18354
648,2023년 07월 08일,대덕구,53791,46717,9838,56848,48867,10304,54387,47172,9895,53791,46717,9838
649,2023년 07월 08일,유성구,97793,88310,19094,103886,93436,20086,98799,89186,19182,97793,88310,19094
650,2023년 07월 09일,동구,95959,80922,19955,100718,84610,20856,96740,81574,20059,95999,80973,19955
651,2023년 07월 09일,서구,119229,102683,28148,127849,109101,29551,120282,103527,28267,119229,102683,28148
652,2023년 07월 09일,중구,70395,63633,13664,76015,67844,14384,71150,64229,13737,70395,63633,13664
653,2023년 07월 09일,대덕구,36461,32100,6434,38867,33756,6786,36872,32403,6463,36461,32100,6434
654,2023년 07월 09일,유성구,75280,71184,15602,80701,75760,16522,76140,71956,15697,75280,71184,15602
655,2023년 07월 10일,동구,143921,127101,36384,151829,132991,37736,144595,127704,36449,143960,127163,36384
656,2023년 07월 10일,서구,221430,193062,53719,231966,200887,55340,222337,193749,53787,221430,193062,53719
657,2023년 07월 10일,중구,121797,109836,26250,130203,115274,27380,122491,110372,26307,121797,109836,26250
658,2023년 07월 10일,대덕구,74784,67090,15350,79311,70020,15839,75245,67451,15376,74785,67090,15350
659,2023년 07월 10일,유성구,132383,120365,28713,139616,126102,29771,132995,120908,28755,132383,120365,28713
660,2023년 07월 11일,동구,135004,119006,34618,142780,124703,35907,135642,119580,34672,135039,119054,34618
661,2023년 07월 11일,서구,218501,188243,51385,229171,196162,52957,219388,188944,51451,218501,188243,51385
662,2023년 07월 11일,중구,116358,104051,24918,124884,109443,26050,117003,104511,24953,116358,104051,24918
663,2023년 07월 11일,대덕구,72940,64809,15077,77383,67711,15569,73333,65095,15099,72940,64809,15077
664,2023년 07월 11일,유성구,132232,118543,27840,139465,124209,28922,132876,119101,27885,132232,118543,27840
665,2023년 07월 12일,동구,143510,127357,37000,151755,133479,38464,144199,127974,37060,143545,127408,37000
666,2023년 07월 12일,서구,233012,202701,55970,244772,211443,57893,233963,203461,56057,233012,202701,55970
667,2023년 07월 12일,중구,122331,110394,26410,131447,116305,27750,123043,110950,26453,122331,110394,26410
668,2023년 07월 12일,대덕구,76813,68410,16031,81486,71474,16600,77282,68766,16063,76813,68410,16031
669,2023년 07월 12일,유성구,143961,130430,30478,152354,137169,31759,144678,131052,30532,143961,130430,30478
670,2023년 07월 13일,동구,135099,119258,34355,143034,124916,35682,135773,119857,34408,135136,119304,34355
671,2023년 07월 13일,서구,219579,188746,51401,230299,196593,52923,220506,189463,51463,219579,188746,51401
672,2023년 07월 13일,중구,116313,103682,24588,124899,109065,25706,117000,104196,24621,116313,103682,24588
673,2023년 07월 13일,대덕구,73023,64437,15106,77601,67254,15627,73430,64750,15129,73024,64437,15106
674,2023년 07월 13일,유성구,134104,119905,27992,141303,125470,29029,134759,120484,28041,134104,119905,27992
675,2023년 07월 14일,동구,125246,109007,30036,132793,114250,31229,125792,109503,30082,125269,109039,30036
676,2023년 07월 14일,서구,206159,176031,47753,217109,183886,49401,206968,176642,47826,206159,176031,47753
677,2023년 07월 14일,중구,107538,95029,22194,116201,100407,23308,108083,95426,22228,107538,95029,22194
678,2023년 07월 14일,대덕구,67847,59148,13627,72222,61805,14121,68217,59413,13646,67848,59149,13627
679,2023년 07월 14일,유성구,126432,110043,25632,133850,115576,26720,126951,110494,25668,126432,110043,25632
680,2023년 07월 15일,동구,100104,88187,21818,104511,91466,22604,100719,88699,21884,100130,88218,21818
681,2023년 07월 15일,서구,134920,114394,29794,142744,120091,30997,135853,115095,29867,134920,114394,29794
682,2023년 07월 15일,중구,75216,67336,14638,79420,70300,15199,75848,67835,14689,75216,67336,14638
683,2023년 07월 15일,대덕구,42089,35947,7680,44480,37523,8027,42446,36213,7700,42090,35947,7680
684,2023년 07월 15일,유성구,78505,69657,15530,83116,73318,16233,79069,70145,15584,78505,69657,15530
685,2023년 07월 16일,동구,92658,78417,18625,96611,81350,19300,93333,78949,18688,92690,78446,18625
686,2023년 07월 16일,서구,114577,98380,25984,122168,104069,27077,115605,99179,26105,114577,98380,25984
687,2023년 07월 16일,중구,63443,56707,12453,67694,59812,13005,64022,57161,12495,63443,56707,12453
688,2023년 07월 16일,대덕구,34472,30539,6382,36563,31948,6702,34880,30833,6410,34472,30539,6382
689,2023년 07월 16일,유성구,68463,63538,13552,73013,67303,14306,69152,64136,13621,68463,63538,13552
690,2023년 07월 17일,동구,140453,124364,35435,147826,129688,36613,141103,124922,35485,140490,124419,35435
691,2023년 07월 17일,서구,219335,189466,52306,229546,196859,53718,220195,190133,52366,219335,189466,52306
692,2023년 07월 17일,중구,116779,104274,25288,124032,108948,26198,117460,104813,25331,116779,104274,25288
693,2023년 07월 17일,대덕구,73188,65070,15545,77480,67720,16025,73576,65370,15564,73189,65070,15545
694,2023년 07월 17일,유성구,131364,118524,27928,137978,123663,28854,131976,119044,27971,131364,118524,27928
695,2023년 07월 18일,동구,126356,110923,32465,134550,116772,33826,126923,111378,32517,126379,110972,32465
696,2023년 07월 18일,서구,203508,173771,46513,214973,182007,48081,204428,174493,46577,203508,173771,46513
697,2023년 07월 18일,중구,107637,94986,23068,116504,100563,24066,108293,95482,23110,107637,94986,23068
698,2023년 07월 18일,대덕구,68577,60061,14105,73260,62932,14627,68955,60344,14124,68577,60061,14105
699,2023년 07월 18일,유성구,124334,111330,25972,131540,116839,26933,124988,111855,26013,124334,111330,25972
700,2023년 07월 19일,동구,147235,131473,38333,154562,137165,39617,147910,132087,38391,147272,131528,38333
701,2023년 07월 19일,서구,236270,205524,56156,248707,215300,58137,237391,206444,56268,236270,205524,56156
702,2023년 07월 19일,중구,122584,110855,26646,130853,116548,27717,123315,111433,26697,122584,110855,26646
703,2023년 07월 19일,대덕구,77815,69195,16426,82259,72066,16986,78298,69553,16452,77815,69195,16426
704,2023년 07월 19일,유성구,142582,130124,30588,150502,136564,31715,143396,130841,30648,142582,130124,30588
705,2023년 07월 20일,동구,150679,134653,39215,157523,139901,40427,151450,135311,39286,150718,134699,39215
706,2023년 07월 20일,서구,232761,202573,55496,243359,210843,57140,233862,203542,55621,232761,202573,55496
707,2023년 07월 20일,중구,125221,113864,26926,132153,118868,27844,125849,114354,26976,125221,113864,26926
708,2023년 07월 20일,대덕구,77332,68593,16353,80971,71013,16872,77814,68960,16391,77332,68593,16353
709,2023년 07월 20일,유성구,141214,129158,30026,147652,134432,30965,142065,129875,30100,141214,129158,30026
710,2023년 07월 21일,동구,152934,136882,38546,159351,141824,39846,153633,137516,38628,152980,136936,38546
711,2023년 07월 21일,서구,233046,203599,55454,243437,211596,57149,234178,204514,55584,233046,203599,55454
712,2023년 07월 21일,중구,126659,115415,27030,133112,120261,27966,127322,115974,27083,126659,115415,27030
713,2023년 07월 21일,대덕구,78059,69770,16258,81466,72078,16768,78569,70150,16294,78059,69770,16258
714,2023년 07월 21일,유성구,143559,128772,29982,150116,134197,31016,144453,129570,30064,143559,128772,29982
715,2023년 07월 22일,동구,120615,107682,27514,125417,111448,28418,121530,108460,27647,120656,107725,27514
716,2023년 07월 22일,서구,160319,137937,36318,168964,144377,37694,161499,138875,36444,160319,137937,36318
717,2023년 07월 22일,중구,92768,84342,18292,97626,88009,18958,93702,85088,18389,92768,84342,18292
718,2023년 07월 22일,대덕구,50719,44533,9714,53292,46290,10125,51172,44887,9776,50719,44533,9714
719,2023년 07월 22일,유성구,94265,85264,18400,99325,89396,19223,95102,86008,18502,94265,85264,18400
720,2023년 07월 23일,동구,83844,70780,16682,87420,73348,17303,84397,71206,16726,83874,70818,16682
721,2023년 07월 23일,서구,105321,89630,24032,111750,94278,24972,106111,90241,24135,105321,89630,24032
722,2023년 07월 23일,중구,61262,54008,11680,64970,56655,12160,61744,54397,11720,61262,54008,11680
723,2023년 07월 23일,대덕구,33956,29495,6146,35890,30780,6500,34263,29741,6163,33957,29495,6146
724,2023년 07월 23일,유성구,63717,58930,13061,67438,61918,13649,64276,59428,13144,63717,58930,13061
725,2023년 07월 24일,동구,141525,125331,35563,147263,129776,36668,142141,125866,35636,141563,125382,35563
726,2023년 07월 24일,서구,217727,188544,51553,226856,195733,53042,218845,189491,51692,217727,188544,51553
727,2023년 07월 24일,중구,118220,106786,24822,123870,110819,25581,118851,107286,24878,118220,106786,24822
728,2023년 07월 24일,대덕구,72402,64879,15084,75162,66843,15515,72837,65212,15111,72402,64879,15084
729,2023년 07월 24일,유성구,133170,121820,28855,138801,126434,29712,133933,122510,28909,133170,121820,28855
730,2023년 07월 25일,동구,140092,124921,36187,145880,129221,37266,140771,125504,36281,140137,124976,36187
731,2023년 07월 25일,서구,219152,189976,51677,228132,197121,53184,220278,190948,51811,219152,189976,51677
732,2023년 07월 25일,중구,119740,107585,25288,125322,111559,26068,120380,108122,25342,119740,107585,25288
733,2023년 07월 25일,대덕구,73283,65619,15489,76227,67622,15960,73696,65934,15515,73283,65619,15489
734,2023년 07월 25일,유성구,133075,120926,28240,138784,125562,29070,133892,121631,28310,133075,120926,28240
735,2023년 07월 26일,동구,140974,125325,35964,146656,129730,37129,141667,125898,36026,141025,125397,35964
736,2023년 07월 26일,서구,225118,195628,53217,234764,203174,54774,226200,196570,53366,225118,195628,53217
737,2023년 07월 26일,중구,118611,107141,25412,124282,111090,26183,119224,107651,25480,118611,107141,25412
738,2023년 07월 26일,대덕구,73933,65147,15245,77051,67202,15730,74377,65505,15277,73934,65148,15245
739,2023년 07월 26일,유성구,135603,122803,28638,141333,127543,29535,136453,123532,28730,135603,122803,28638
740,2023년 07월 27일,동구,141492,126192,36067,147188,130609,37164,142176,126817,36164,141533,126245,36067
741,2023년 07월 27일,서구,220769,191906,52006,230156,199387,53555,221856,192807,52147,220769,191906,52006
742,2023년 07월 27일,중구,120067,108882,25522,125908,113039,26319,120714,109407,25591,120067,108882,25522
743,2023년 07월 27일,대덕구,72546,64465,15177,75640,66630,15637,72997,64815,15215,72546,64466,15177
744,2023년 07월 27일,유성구,135022,123234,28512,140690,127838,29395,136002,124122,28610,135022,123234,28512
745,2023년 07월 28일,동구,146273,130956,36805,152047,135327,37983,146939,131591,36895,146318,131017,36805
746,2023년 07월 28일,서구,222060,194573,53564,231462,202036,55214,223167,195516,53728,222060,194573,53564
747,2023년 07월 28일,중구,121474,109718,25888,127133,113747,26638,122130,110272,25958,121474,109718,25888
748,2023년 07월 28일,대덕구,75287,67116,15680,78399,69281,16173,75711,67419,15733,75287,67116,15680
749,2023년 07월 28일,유성구,138329,124482,28638,144192,129334,29584,139243,125307,28749,138329,124482,28638
750,2023년 07월 29일,동구,112269,100538,25014,116572,103892,25897,112999,101159,25099,112304,100577,25014
751,2023년 07월 29일,서구,149335,129535,34437,157538,135792,35767,150288,130343,34547,149335,129535,34437
752,2023년 07월 29일,중구,86443,78210,16856,90730,81332,17428,87218,78851,16956,86443,78210,16856
753,2023년 07월 29일,대덕구,47490,41531,8916,49848,43205,9333,47862,41819,8969,47490,41532,8916
754,2023년 07월 29일,유성구,90373,81581,18022,95031,85484,18818,91047,82147,18100,90373,81581,18022
755,2023년 07월 30일,동구,87106,74622,18079,90663,77310,18749,87617,75034,18148,87137,74654,18079
756,2023년 07월 30일,서구,107625,92529,25151,114148,97440,26232,108393,93184,25264,107625,92529,25151
757,2023년 07월 30일,중구,63078,56484,12392,66569,59043,12791,63506,56849,12444,63078,56484,12392
758,2023년 07월 30일,대덕구,32902,28827,6053,34859,30163,6409,33136,29011,6072,32902,28827,6053
759,2023년 07월 30일,유성구,65035,60770,13478,68751,63849,14131,65550,61206,13531,65035,60770,13478
760,2023년 07월 31일,동구,136480,121450,34543,141742,125582,35585,137102,121968,34598,136529,121494,34543
761,2023년 07월 31일,서구,206517,179486,49424,215521,186656,50952,207612,180418,49573,206517,179486,49424
762,2023년 07월 31일,중구,113729,102360,24492,119260,106241,25245,114412,102954,24565,113729,102360,24492
763,2023년 07월 31일,대덕구,68205,60872,14178,70924,62773,14583,68571,61137,14217,68205,60873,14178
764,2023년 07월 31일,유성구,124043,114029,26858,129373,118478,27789,124861,114770,26943,124043,114029,26858
765,2023년 08월 01일,동구,133688,119248,34264,139490,123658,35456,134341,119825,34338,133734,119310,34264
766,2023년 08월 01일,서구,206882,179919,49123,216500,187596,50839,207907,180795,49262,206882,179919,49123
767,2023년 08월 01일,중구,116155,105303,24812,122713,110028,25780,116803,105820,24877,116155,105303,24812
768,2023년 08월 01일,대덕구,67927,60459,14045,71218,62646,14497,68359,60796,14093,67927,60459,14045
769,2023년 08월 01일,유성구,125728,114388,27064,131578,119263,27962,126627,115200,27180,125728,114388,27064
770,2023년 08월 02일,동구,133839,119138,34037,139535,123477,35168,134514,119734,34114,133883,119177,34037
771,2023년 08월 02일,서구,212474,184130,50549,222203,191783,52198,213604,185046,50691,212474,184130,50549
772,2023년 08월 02일,중구,115461,105151,24800,121777,109804,25706,116134,105740,24859,115461,105151,24800
773,2023년 08월 02일,대덕구,68196,60819,13750,71980,63292,14268,68586,61146,13794,68196,60819,13750
774,2023년 08월 02일,유성구,125973,114982,26898,132080,120020,27871,126836,115746,27004,125973,114982,26898
775,2023년 08월 03일,동구,131985,117929,33889,137602,122301,35083,132645,118479,33959,132022,117977,33889
776,2023년 08월 03일,서구,206208,179711,49484,215790,187188,51059,207248,180612,49637,206208,179711,49484
777,2023년 08월 03일,중구,114665,104013,23874,120671,108409,24746,115313,104571,23937,114665,104013,23874
778,2023년 08월 03일,대덕구,68539,60719,14170,72282,63160,14666,68926,61021,14200,68539,60719,14170
779,2023년 08월 03일,유성구,126162,114414,26737,131951,119211,27659,126922,115094,26810,126162,114414,26737
780,2023년 08월 04일,동구,136598,122017,34504,141857,125944,35534,137179,122532,34575,136642,122064,34504
781,2023년 08월 04일,서구,209842,182967,49690,219561,190579,51300,210814,183772,49795,209842,182967,49690
782,2023년 08월 04일,중구,113003,103681,24102,118523,107693,24857,113547,104134,24143,113003,103681,24102
783,2023년 08월 04일,대덕구,68148,60437,13877,71717,62741,14313,68495,60718,13904,68148,60437,13877
784,2023년 08월 04일,유성구,130778,117771,27669,136593,122562,28533,131568,118456,27727,130778,117771,27669
785,2023년 08월 05일,동구,106869,95606,24075,111029,98773,24834,107494,96138,24138,106895,95644,24075
786,2023년 08월 05일,서구,144583,125661,33359,152705,131770,34730,145598,126453,33501,144583,125661,33359
787,2023년 08월 05일,중구,81973,74825,16218,85956,77787,16748,82596,75293,16263,81973,74825,16218
788,2023년 08월 05일,대덕구,44955,39156,8755,47153,40788,9186,45247,39393,8778,44955,39156,8755
789,2023년 08월 05일,유성구,88714,80525,18490,93354,84491,19401,89470,81160,18565,88714,80525,18490
790,2023년 08월 06일,동구,86673,73842,17846,90322,76649,18570,87217,74270,17907,86703,73880,17846
791,2023년 08월 06일,서구,108740,94391,25588,115578,99618,26678,109563,95052,25702,108740,94391,25588
792,2023년 08월 06일,중구,62462,55963,12184,66055,58557,12650,63033,56400,12228,62462,55963,12184
793,2023년 08월 06일,대덕구,33640,29504,6248,35530,30816,6585,33877,29700,6268,33641,29504,6248
794,2023년 08월 06일,유성구,66198,62232,13838,70164,65525,14530,66736,62686,13891,66198,62232,13838
795,2023년 08월 07일,동구,133669,120160,34633,138781,124124,35586,134205,120635,34695,133696,120211,34633
796,2023년 08월 07일,서구,211397,183567,51446,220736,190763,53029,212341,184385,51551,211397,183567,51446
797,2023년 08월 07일,중구,113405,102030,24686,118589,105739,25380,114013,102499,24736,113405,102030,24686
798,2023년 08월 07일,대덕구,69846,62833,14607,73611,65284,15089,70296,63192,14649,69847,62833,14607
799,2023년 08월 07일,유성구,126509,116036,27854,132040,120598,28665,127202,116664,27925,126509,116036,27854
800,2023년 08월 08일,동구,136122,120835,35226,141443,124966,36288,136726,121349,35302,136157,120881,35226
801,2023년 08월 08일,서구,217258,189127,52057,227318,196988,53755,218316,190023,52179,217258,189127,52057
802,2023년 08월 08일,중구,115760,104997,25050,121129,108835,25804,116358,105508,25098,115760,104997,25050
803,2023년 08월 08일,대덕구,72419,64583,15135,76032,66949,15567,72861,64927,15165,72419,64583,15135
804,2023년 08월 08일,유성구,129941,119002,28207,135969,124006,29138,130798,119791,28269,129941,119002,28207
805,2023년 08월 09일,동구,131904,116317,34812,137425,120354,35898,132496,116808,34882,131946,116371,34812
806,2023년 08월 09일,서구,218330,188557,53450,228163,196096,55075,219300,189374,53545,218330,188557,53450
807,2023년 08월 09일,중구,104882,95965,24298,109389,99303,25038,105344,96373,24337,104882,95965,24298
808,2023년 08월 09일,대덕구,70593,62165,14740,74231,64431,15227,71024,62489,14782,70593,62165,14740
809,2023년 08월 09일,유성구,132754,119497,28698,138797,124283,29594,133558,120235,28780,132754,119497,28698
810,2023년 08월 10일,동구,92951,80575,23593,95508,82400,24152,93130,80726,23617,92968,80596,23593
811,2023년 08월 10일,서구,160804,136514,37869,165479,139985,38664,161157,136802,37906,160804,136514,37869
812,2023년 08월 10일,중구,78069,69717,17530,80025,71141,17843,78236,69863,17553,78069,69717,17530
813,2023년 08월 10일,대덕구,53455,46992,11032,54866,47934,11300,53592,47096,11045,53455,46992,11032
814,2023년 08월 10일,유성구,94559,83485,19806,97068,85435,20177,94777,83675,19827,94559,83485,19806
815,2023년 08월 11일,동구,148915,133941,34754,154941,138526,35854,149626,134570,34831,148964,133988,34754
816,2023년 08월 11일,서구,227952,199019,54768,238276,206928,56504,229070,199948,54893,227952,199019,54768
817,2023년 08월 11일,중구,118224,109180,26528,123205,113022,27289,118826,109737,26591,118224,109180,26528
818,2023년 08월 11일,대덕구,75590,66411,15238,79301,68787,15685,76048,66785,15278,75591,66412,15238
819,2023년 08월 11일,유성구,138238,123814,28968,144533,128939,29913,139172,124646,29062,138238,123814,28968
820,2023년 08월 12일,동구,131212,118598,25561,137324,123382,26637,132246,119533,25671,131261,118644,25561
821,2023년 08월 12일,서구,160524,138305,37211,169471,145002,38741,161804,139349,37388,160524,138305,37211
822,2023년 08월 12일,중구,95293,89379,19048,100082,93480,19826,96163,90088,19139,95293,89379,19048
823,2023년 08월 12일,대덕구,53382,44750,9437,56159,46545,9829,53866,45104,9476,53382,44750,9437
824,2023년 08월 12일,유성구,94112,84814,18516,99474,89152,19501,95084,85647,18643,94112,84814,18516
825,2023년 08월 13일,동구,102077,88627,19702,106602,92194,20623,102763,89204,19807,102106,88668,19702
826,2023년 08월 13일,서구,121373,104665,29027,128896,110271,30366,122300,105427,29166,121373,104665,29027
827,2023년 08월 13일,중구,71059,65739,15526,74913,68756,16230,71648,66239,15618,71059,65739,15526
828,2023년 08월 13일,대덕구,39979,34777,6946,42189,36266,7306,40321,35026,6965,39979,34777,6946
829,2023년 08월 13일,유성구,73019,67769,15512,77488,71633,16304,73811,68467,15644,73019,67769,15512
830,2023년 08월 14일,동구,144760,128731,33705,150686,133139,34760,145487,129374,33774,144808,128784,33705
831,2023년 08월 14일,서구,213233,186918,51677,222692,194173,53272,214276,187802,51818,213233,186918,51677
832,2023년 08월 14일,중구,111954,103566,25384,116539,107105,26116,112651,104162,25462,111954,103566,25384
833,2023년 08월 14일,대덕구,69621,61378,14348,73239,63677,14809,70006,61686,14382,69621,61378,14348
834,2023년 08월 14일,유성구,125273,114466,27098,131267,119337,28006,126076,115192,27193,125273,114466,27098
835,2023년 08월 15일,동구,105324,92621,22110,109921,96062,22982,106184,93348,22190,105362,92669,22110
836,2023년 08월 15일,서구,129238,111868,31001,136698,117577,32269,130294,112746,31166,129238,111868,31001
837,2023년 08월 15일,중구,71972,66650,15848,75328,69278,16380,72562,67154,15933,71972,66650,15848
838,2023년 08월 15일,대덕구,42177,37016,7816,44459,38609,8182,42509,37231,7851,42177,37016,7816
839,2023년 08월 15일,유성구,80051,73495,16360,84646,77266,17164,80787,74160,16476,80051,73495,16360
840,2023년 08월 16일,동구,154228,138953,38356,160962,144019,39561,154946,139567,38428,154275,139001,38356
841,2023년 08월 16일,서구,229781,200366,56345,240441,208510,57963,230917,201312,56470,229781,200366,56345
842,2023년 08월 16일,중구,118818,108499,27058,125348,112830,27949,119496,109079,27143,118818,108499,27058
843,2023년 08월 16일,대덕구,78433,69744,16268,82732,72528,16777,78891,70111,16298,78433,69745,16268
844,2023년 08월 16일,유성구,134392,123004,29396,140870,128156,30304,135242,123762,29487,134392,123004,29396
845,2023년 08월 17일,동구,144691,128889,35625,151885,134218,36805,145498,129588,35698,144728,128947,35625
846,2023년 08월 17일,서구,225750,196960,54652,236289,204992,56202,226976,197949,54789,225750,196960,54652
847,2023년 08월 17일,중구,116400,106719,26364,123045,111138,27260,117067,107266,26438,116400,106719,26364
848,2023년 08월 17일,대덕구,75802,67378,16071,80202,70253,16609,76309,67768,16104,75802,67378,16071
849,2023년 08월 17일,유성구,134541,123203,28877,140946,128330,29809,135333,123939,28963,134541,123203,28877
850,2023년 08월 18일,동구,151294,135171,37806,159042,140925,39076,152117,135890,37873,151338,135226,37806
851,2023년 08월 18일,서구,236183,207570,57058,247729,216264,58756,237405,208574,57193,236183,207570,57058
852,2023년 08월 18일,중구,123986,113109,26450,131734,118242,27466,124684,113679,26517,123986,113109,26450
853,2023년 08월 18일,대덕구,79817,71112,16172,84314,74165,16734,80326,71493,16195,79818,71112,16172
854,2023년 08월 18일,유성구,141796,128295,29376,148826,133935,30358,142700,129124,29451,141796,128295,29376
855,2023년 08월 19일,동구,122760,109226,27419,127677,113128,28398,123549,109878,27507,122802,109283,27419
856,2023년 08월 19일,서구,164658,142964,38626,174061,150090,40226,165990,144059,38810,164658,142964,38626
857,2023년 08월 19일,중구,96144,88159,18616,101534,92114,19365,96950,88820,18701,96144,88159,18616
858,2023년 08월 19일,대덕구,51235,44772,9543,54062,46785,10040,51645,45100,9576,51235,44773,9543
859,2023년 08월 19일,유성구,102721,94326,20040,108091,98882,20941,103621,95135,20161,102721,94326,20040
860,2023년 08월 20일,동구,99324,85174,20245,103464,88385,21089,99872,85624,20318,99365,85221,20245
861,2023년 08월 20일,서구,123780,106741,29440,131364,112472,30683,124714,107494,29570,123780,106741,29440
862,2023년 08월 20일,중구,72317,65714,14258,76873,69199,14901,72902,66186,14313,72317,65714,14258
863,2023년 08월 20일,대덕구,37357,32612,6637,39514,34103,6993,37676,32882,6668,37358,32612,6637
864,2023년 08월 20일,유성구,76167,72212,15028,80721,76092,15774,76775,72758,15090,76167,72212,15028
865,2023년 08월 21일,동구,144667,129577,36979,151968,135067,38157,145359,130191,37046,144706,129627,36979
866,2023년 08월 21일,서구,222104,194300,52836,232417,202049,54361,223240,195230,52954,222104,194300,52836
867,2023년 08월 21일,중구,121630,109704,26444,129275,114734,27514,122328,110257,26503,121630,109704,26444
868,2023년 08월 21일,대덕구,74632,67150,15441,79020,69937,15907,75103,67529,15482,74632,67150,15441
869,2023년 08월 21일,유성구,128243,117769,28222,134642,122892,29092,129079,118517,28311,128243,117769,28222
870,2023년 08월 22일,동구,146398,130319,38442,153978,135896,39739,147054,130924,38512,146431,130366,38442
871,2023년 08월 22일,서구,223082,195895,53610,233526,203807,55093,224191,196811,53708,223082,195895,53610
872,2023년 08월 22일,중구,125494,113913,27408,133395,119035,28494,126182,114461,27458,125494,113913,27408
873,2023년 08월 22일,대덕구,75287,67495,15408,79651,70273,15885,75775,67879,15439,75292,67495,15408
874,2023년 08월 22일,유성구,131631,120116,28086,138169,125296,28950,132395,120813,28140,131631,120116,28086
875,2023년 08월 23일,동구,140400,125256,36350,147978,130821,37614,140970,125779,36402,140437,125309,36350
876,2023년 08월 23일,서구,222761,193972,52406,233572,202073,54045,223754,194796,52479,222761,193972,52406
877,2023년 08월 23일,중구,119728,107563,26156,128398,113135,27355,120404,108080,26216,119728,107563,26156
878,2023년 08월 23일,대덕구,75274,66695,15379,79650,69467,15893,75709,67030,15405,75274,66695,15379
879,2023년 08월 23일,유성구,129951,117597,27512,136739,122957,28346,130597,118165,27559,129951,117597,27512
880,2023년 08월 24일,동구,137015,121954,35210,144400,127414,36476,137578,122454,35266,137056,122005,35210
881,2023년 08월 24일,서구,217437,188825,51793,227520,196466,53316,218357,189532,51857,217437,188825,51793
882,2023년 08월 24일,중구,119361,108228,25824,127596,113417,26912,119987,108723,25870,119361,108228,25824
883,2023년 08월 24일,대덕구,73174,64997,15057,77639,67773,15554,73591,65317,15082,73174,64997,15057
884,2023년 08월 24일,유성구,131058,119792,27782,137618,124966,28653,131693,120341,27823,131058,119792,27782
885,2023년 08월 25일,동구,157205,140123,39167,165482,146223,40620,157901,140763,39234,157248,140171,39167
886,2023년 08월 25일,서구,236967,208522,56672,248193,217056,58435,238100,209432,56781,236967,208522,56672
887,2023년 08월 25일,중구,128565,117024,27296,137743,122892,28502,129301,117615,27355,128565,117024,27296
888,2023년 08월 25일,대덕구,79409,70995,16066,84153,74065,16578,79934,71387,16103,79409,70995,16066
889,2023년 08월 25일,유성구,142614,129354,29880,149975,135168,30871,143458,130091,29955,142614,129354,29880
890,2023년 08월 26일,동구,127541,113782,28178,132599,117720,29068,128517,114609,28260,127580,113832,28178
891,2023년 08월 26일,서구,165374,144345,38061,174826,151489,39535,166743,145511,38217,165374,144345,38061
892,2023년 08월 26일,중구,94945,86816,18827,100446,90906,19592,95943,87599,18934,94945,86816,18827
893,2023년 08월 26일,대덕구,52943,46272,9883,55668,48190,10294,53409,46630,9934,52943,46272,9883
894,2023년 08월 26일,유성구,97520,89368,19126,102792,93777,19958,98518,90276,19256,97520,89368,19126
895,2023년 08월 27일,동구,100985,85845,20636,105178,89016,21463,101647,86431,20733,101030,85896,20636
896,2023년 08월 27일,서구,120330,105136,28145,127922,110752,29343,121312,105970,28303,120330,105136,28145
897,2023년 08월 27일,중구,70270,63621,13706,74697,66872,14289,71081,64234,13775,70270,63621,13706
898,2023년 08월 27일,대덕구,37790,33386,6875,39917,34855,7187,38144,33637,6910,37790,33386,6875
899,2023년 08월 27일,유성구,72563,68558,15013,76880,72253,15722,73224,69141,15099,72563,68558,15013
900,2023년 08월 28일,동구,151214,134618,38786,159021,140459,40111,151907,135205,38851,151267,134685,38786
901,2023년 08월 28일,서구,222910,195331,53712,233316,203114,55283,223850,196103,53784,222910,195331,53712
902,2023년 08월 28일,중구,120581,108670,26179,128781,113918,27272,121235,109165,26222,120581,108670,26179
903,2023년 08월 28일,대덕구,77526,69822,16374,82067,72825,16886,77976,70176,16413,77526,69823,16374
904,2023년 08월 28일,유성구,130071,119521,28052,136552,124725,28889,130699,120072,28092,130071,119521,28052
905,2023년 08월 29일,동구,143718,127656,36807,151207,133256,38145,144300,128154,36867,143765,127718,36807
906,2023년 08월 29일,서구,220148,191083,51790,230647,198964,53269,221066,191849,51880,220148,191083,51790
907,2023년 08월 29일,중구,117606,105707,25356,125806,110908,26527,118227,106181,25394,117606,105707,25356
908,2023년 08월 29일,대덕구,75301,67202,15661,79963,70102,16193,75717,67515,15680,75301,67202,15661
909,2023년 08월 29일,유성구,131464,119665,27814,138422,125069,28773,132109,120238,27860,131464,119665,27814
910,2023년 08월 30일,동구,143178,126294,36670,150846,131803,37968,143748,126789,36718,143220,126336,36670
911,2023년 08월 30일,서구,220690,191021,52247,231638,198892,53775,221514,191690,52323,220690,191021,52247
912,2023년 08월 30일,중구,118811,106005,25710,127022,111080,26843,119437,106481,25749,118811,106005,25710
913,2023년 08월 30일,대덕구,73527,64676,14961,78024,67410,15462,73968,64998,14990,73528,64677,14961
914,2023년 08월 30일,유성구,131597,117788,27579,138819,123229,28534,132241,118336,27610,131597,117788,27579
915,2023년 08월 31일,동구,154524,137492,38986,162854,143644,40421,155199,138059,39058,154575,137562,38986
916,2023년 08월 31일,서구,228635,199494,54537,239591,207806,56147,229574,200274,54638,228635,199494,54537
917,2023년 08월 31일,중구,126502,114540,26968,135615,120437,28171,127239,115096,27026,126502,114540,26968
918,2023년 08월 31일,대덕구,76906,68936,16031,81585,72045,16586,77355,69291,16060,76906,68938,16031
919,2023년 08월 31일,유성구,136057,124676,28734,143284,130365,29783,136782,125323,28787,136057,124676,28734
920,2023년 09월 01일,동구,169666,149915,41612,178793,156741,43283,170386,150534,41680,169703,149964,41612
921,2023년 09월 01일,서구,243619,212920,58467,255916,222269,60405,244705,213805,58578,243619,212920,58467
922,2023년 09월 01일,중구,129568,119526,28590,138660,125567,29897,130316,120115,28660,129568,119526,28590
923,2023년 09월 01일,대덕구,83066,73517,16319,88058,76803,16939,83509,73854,16356,83066,73517,16319
924,2023년 09월 01일,유성구,152735,137989,32546,161394,144816,33868,153551,138701,32617,152735,137989,32546
925,2023년 09월 02일,동구,131125,117064,28927,136822,121518,29945,132268,118068,29068,131167,117108,28927
926,2023년 09월 02일,서구,171501,149413,39473,181427,156992,41146,173104,150787,39676,171501,149413,39473
927,2023년 09월 02일,중구,97716,89069,19260,103609,93383,20060,98743,89895,19355,97716,89069,19260
928,2023년 09월 02일,대덕구,53377,46915,9735,56286,48947,10219,53881,47312,9775,53377,46915,9735
929,2023년 09월 02일,유성구,102211,93415,20017,107909,98212,20880,103340,94452,20156,102211,93415,20017
930,2023년 09월 03일,동구,104456,87683,20548,108961,91083,21325,105317,88399,20649,104491,87736,20548
931,2023년 09월 03일,서구,124155,108415,29555,132180,114418,30809,125398,109393,29697,124155,108415,29555
932,2023년 09월 03일,중구,70509,63292,13704,74968,66548,14249,71258,63890,13779,70509,63292,13704
933,2023년 09월 03일,대덕구,39925,35616,6956,42124,37161,7288,40312,35938,6986,39925,35616,6956
934,2023년 09월 03일,유성구,75578,71796,15819,80238,75687,16614,76448,72548,15934,75578,71796,15819
935,2023년 09월 04일,동구,163235,143941,42178,171653,150193,43657,163880,144494,42245,163273,143996,42178
936,2023년 09월 04일,서구,239764,209493,58709,250930,217929,60499,240727,210270,58799,239764,209493,58709
937,2023년 09월 04일,중구,127161,114738,29012,135674,120285,30201,127895,115321,29066,127161,114738,29012
938,2023년 09월 04일,대덕구,80582,72933,16482,85453,76216,17067,81039,73291,16516,80582,72933,16482
939,2023년 09월 04일,유성구,152578,140131,34011,160704,146560,35299,153359,140818,34091,152578,140131,34011
940,2023년 09월 05일,동구,165117,145755,43302,173617,152012,44875,165715,146266,43358,165154,145803,43302
941,2023년 09월 05일,서구,240824,210473,58565,252256,219174,60312,241795,211253,58648,240824,210473,58565
942,2023년 09월 05일,중구,130556,118618,29494,139612,124547,30856,131240,119143,29552,130556,118618,29494
943,2023년 09월 05일,대덕구,83189,74818,17162,88214,78137,17784,83632,75159,17195,83190,74818,17162
944,2023년 09월 05일,유성구,152210,138475,33163,160087,144663,34375,152888,139062,33202,152210,138475,33163
945,2023년 09월 06일,동구,163052,144212,42734,171862,150714,44362,163748,144809,42800,163092,144253,42734
946,2023년 09월 06일,서구,244750,212740,59999,257036,221889,61904,245719,213539,60071,244750,212740,59999
947,2023년 09월 06일,중구,128611,116687,29120,138224,123152,30556,129345,117264,29168,128611,116687,29120
948,2023년 09월 06일,대덕구,82650,74433,17056,87545,77749,17649,83136,74807,17098,82650,74433,17056
949,2023년 09월 06일,유성구,152795,139392,33027,161237,146177,34353,153610,140089,33102,152795,139392,33027
950,2023년 09월 07일,동구,164744,146653,43207,173407,153069,44823,165460,147252,43287,164799,146702,43207
951,2023년 09월 07일,서구,243319,212731,59791,254763,221277,61578,244250,213484,59883,243319,212731,59791
952,2023년 09월 07일,중구,130540,118669,29524,139576,124670,30853,131255,119252,29588,130540,118669,29524
953,2023년 09월 07일,대덕구,83243,74603,17208,88149,77898,17796,83701,74961,17228,83244,74603,17208
954,2023년 09월 07일,유성구,152698,138565,32942,160752,144967,34214,153366,139164,32989,152698,138565,32942
955,2023년 09월 08일,동구,172094,152675,42344,181052,159272,43949,172772,153266,42402,172131,152743,42344
956,2023년 09월 08일,서구,250800,219457,61291,262961,228697,63201,251849,220306,61394,250800,219457,61291
957,2023년 09월 08일,중구,133494,123216,29042,142774,129320,30328,134243,123795,29104,133494,123216,29042
958,2023년 09월 08일,대덕구,86700,76833,17362,91578,80060,17917,87202,77204,17404,86702,76834,17362
