,일자,구,일반승차인원,일반하차인원,일반환승인원,청소년승차인원,청소년하차인원,청소년환승인원,평균기온(°C),일강수량(mm),가조시간(hr),평균 지면온도(°C)
0,2023년 03월 01일,동구,100600,87257,21418,105494,90962,22254,6.6,0.0,11.4,6.6
1,2023년 03월 01일,서구,127262,110789,29925,135259,116997,31205,6.6,0.0,11.4,6.6
2,2023년 03월 01일,중구,74800,67462,14250,79516,70979,14776,6.6,0.0,11.4,6.6
3,2023년 03월 01일,대덕구,40925,36651,7453,43122,38227,7792,6.6,0.0,11.4,6.6
4,2023년 03월 01일,유성구,79446,73214,15782,84167,77167,16600,6.6,0.0,11.4,6.6
5,2023년 03월 02일,동구,153134,135178,39531,163682,143308,41476,2.3,0.0,11.4,4.8
6,2023년 03월 02일,서구,223323,194062,54007,235898,204122,56134,2.3,0.0,11.4,4.8
7,2023년 03월 02일,중구,119158,107224,27178,128666,114012,28551,2.3,0.0,11.4,4.8
8,2023년 03월 02일,대덕구,78659,70530,16074,84400,74628,16747,2.3,0.0,11.4,4.8
9,2023년 03월 02일,유성구,143579,130362,31332,153291,138226,33010,2.3,0.0,11.4,4.8
10,2023년 03월 03일,동구,157846,138918,38445,168149,146944,40310,4.2,0.0,11.5,5.8
11,2023년 03월 03일,서구,231381,201442,54754,243869,211047,56866,4.2,0.0,11.5,5.8
12,2023년 03월 03일,중구,122528,112230,26570,131596,118583,27981,4.2,0.0,11.5,5.8
13,2023년 03월 03일,대덕구,81545,72681,16390,86789,76386,17030,4.2,0.0,11.5,5.8
14,2023년 03월 03일,유성구,145379,131499,30437,154660,139076,32013,4.2,0.0,11.5,5.8
15,2023년 03월 04일,동구,120663,106600,26033,125448,110436,26851,6.4,0.0,11.5,7.2
16,2023년 03월 04일,서구,160162,138543,35082,168949,145364,36494,6.4,0.0,11.5,7.2
17,2023년 03월 04일,중구,91074,84040,17280,96171,87966,17947,6.4,0.0,11.5,7.2
18,2023년 03월 04일,대덕구,52533,45811,9484,55079,47582,9841,6.4,0.0,11.5,7.2
19,2023년 03월 04일,유성구,97942,89544,19185,103137,93856,20039,6.4,0.0,11.5,7.2
20,2023년 03월 05일,동구,98799,82763,19361,103495,86339,20139,7.9,0.0,11.5,8.4
21,2023년 03월 05일,서구,113648,98808,26232,121353,104729,27451,7.9,0.0,11.5,8.4
22,2023년 03월 05일,중구,67465,60562,12480,71532,63461,12972,7.9,0.0,11.5,8.4
23,2023년 03월 05일,대덕구,36059,32005,6372,38127,33494,6691,7.9,0.0,11.5,8.4
24,2023년 03월 05일,유성구,70364,66962,14605,74863,70910,15444,7.9,0.0,11.5,8.4
25,2023년 03월 06일,동구,155707,135902,40009,165399,143408,41830,8.3,0.0,11.6,9.0
26,2023년 03월 06일,서구,225541,196421,54412,236722,205186,56352,8.3,0.0,11.6,9.0
27,2023년 03월 06일,중구,119801,107509,27166,128374,113387,28555,8.3,0.0,11.6,9.0
28,2023년 03월 06일,대덕구,79641,71854,16454,84989,75772,17099,8.3,0.0,11.6,9.0
29,2023년 03월 06일,유성구,145338,132125,32420,154163,139424,34053,8.3,0.0,11.6,9.0
30,2023년 03월 10일,동구,160646,142177,38857,170632,149969,40635,14.3,0.0,11.7,14.2
31,2023년 03월 10일,서구,232697,202481,54769,244968,212052,56870,14.3,0.0,11.7,14.2
32,2023년 03월 10일,중구,125080,114690,26972,134155,121179,28362,14.3,0.0,11.7,14.2
33,2023년 03월 10일,대덕구,81181,71616,16324,86391,75238,16913,14.3,0.0,11.7,14.2
34,2023년 03월 10일,유성구,148336,133632,31018,157801,141238,32579,14.3,0.0,11.7,14.2
35,2023년 03월 11일,동구,124598,110543,26467,130104,114978,27440,16.4,0.0,11.8,15.6
36,2023년 03월 11일,서구,163541,141947,36461,173093,149390,37882,16.4,0.0,11.8,15.6
37,2023년 03월 11일,중구,94566,86224,18029,100387,90711,18798,16.4,0.0,11.8,15.6
38,2023년 03월 11일,대덕구,53328,46373,9484,56209,48408,9854,16.4,0.0,11.8,15.6
39,2023년 03월 11일,유성구,97768,88938,18932,103432,93724,19847,16.4,0.0,11.8,15.6
40,2023년 03월 12일,동구,86844,71046,16535,91561,74606,17326,6.8,12.4,11.8,7.3
41,2023년 03월 12일,서구,99989,86608,23340,107349,92213,24558,6.8,12.4,11.8,7.3
42,2023년 03월 12일,중구,59028,51493,11006,63043,54450,11532,6.8,12.4,11.8,7.3
43,2023년 03월 12일,대덕구,31464,28102,5291,33440,29610,5563,6.8,12.4,11.8,7.3
44,2023년 03월 12일,유성구,61134,58183,12636,65492,61901,13427,6.8,12.4,11.8,7.3
45,2023년 03월 13일,동구,149412,130838,38722,159012,138209,40570,3.5,0.0,11.8,5.1
46,2023년 03월 13일,서구,219265,191203,53503,230383,199957,55484,3.5,0.0,11.8,5.1
47,2023년 03월 13일,중구,116884,104719,26232,125329,110517,27589,3.5,0.0,11.8,5.1
48,2023년 03월 13일,대덕구,77773,70341,16213,82780,74027,16870,3.5,0.0,11.8,5.1
49,2023년 03월 13일,유성구,140569,127371,31150,149344,134583,32761,3.5,0.0,11.8,5.1
50,2023년 03월 14일,동구,151425,133553,39552,160783,140718,41341,9.4,0.0,11.9,9.3
51,2023년 03월 14일,서구,226996,197049,54560,238098,205814,56450,9.4,0.0,11.9,9.3
52,2023년 03월 14일,중구,120705,108970,27040,129153,114740,28450,9.4,0.0,11.9,9.3
53,2023년 03월 14일,대덕구,79487,71292,16460,84649,74945,17064,9.4,0.0,11.9,9.3
54,2023년 03월 14일,유성구,148207,134507,32456,156715,141500,33967,9.4,0.0,11.9,9.3
55,2023년 03월 15일,동구,151517,133282,39471,161008,140512,41295,11.5,0.0,11.9,11.5
56,2023년 03월 15일,서구,227267,197139,54534,238578,206073,56486,11.5,0.0,11.9,11.5
57,2023년 03월 15일,중구,120183,108849,26770,128861,114868,28140,11.5,0.0,11.9,11.5
58,2023년 03월 15일,대덕구,79078,70797,16193,84190,74509,16863,11.5,0.0,11.9,11.5
59,2023년 03월 15일,유성구,144954,130985,31738,153582,138008,33276,11.5,0.0,11.9,11.5
60,2023년 03월 16일,동구,151925,135064,39745,161176,142112,41562,6.1,0.0,12.0,9.1
61,2023년 03월 16일,서구,225548,195982,53840,236504,204588,55659,6.1,0.0,12.0,9.1
62,2023년 03월 16일,중구,119490,107390,26398,127759,113116,27729,6.1,0.0,12.0,9.1
63,2023년 03월 16일,대덕구,78990,70867,16240,84039,74534,16871,6.1,0.0,12.0,9.1
64,2023년 03월 16일,유성구,144688,130739,31349,153345,137794,32861,6.1,0.0,12.0,9.1
65,2023년 03월 17일,동구,155720,138191,38219,165389,145649,39896,7.3,0.0,12.0,8.2
66,2023년 03월 17일,서구,230853,199844,54223,242976,209178,56243,7.3,0.0,12.0,8.2
67,2023년 03월 17일,중구,121569,111773,26534,130413,118045,27889,7.3,0.0,12.0,8.2
68,2023년 03월 17일,대덕구,79023,70167,15794,84006,73705,16368,7.3,0.0,12.0,8.2
69,2023년 03월 17일,유성구,144610,130301,30323,153618,137674,31826,7.3,0.0,12.0,8.2
70,2023년 03월 18일,동구,121839,106958,26397,127374,111297,27323,9.3,0.0,12.0,12.6
71,2023년 03월 18일,서구,152694,132297,34199,161641,139369,35583,9.3,0.0,12.0,12.6
72,2023년 03월 18일,중구,90431,83386,16973,95878,87502,17639,9.3,0.0,12.0,12.6
73,2023년 03월 18일,대덕구,52923,46244,9266,55690,48210,9610,9.3,0.0,12.0,12.6
74,2023년 03월 18일,유성구,90317,81960,17666,95733,86509,18543,9.3,0.0,12.0,12.6
75,2023년 03월 19일,동구,98525,81784,18932,103456,85456,19735,8.7,0.0,12.1,11.6
76,2023년 03월 19일,서구,110581,96292,25404,118168,102213,26551,8.7,0.0,12.1,11.6
77,2023년 03월 19일,중구,69074,61514,12656,73839,65070,13246,8.7,0.0,12.1,11.6
78,2023년 03월 19일,대덕구,35233,31737,5838,37415,33341,6123,8.7,0.0,12.1,11.6
79,2023년 03월 19일,유성구,71045,67428,14748,75610,71371,15494,8.7,0.0,12.1,11.6
80,2023년 03월 20일,동구,151378,132829,38325,160459,139787,40043,10.6,0.0,12.1,13.1
81,2023년 03월 20일,서구,216301,188380,52138,227030,196873,53940,10.6,0.0,12.1,13.1
82,2023년 03월 20일,중구,117005,105800,26392,124966,111218,27667,10.6,0.0,12.1,13.1
83,2023년 03월 20일,대덕구,77142,69680,15768,82190,73363,16401,10.6,0.0,12.1,13.1
84,2023년 03월 20일,유성구,136844,123742,30398,145213,130550,31880,10.6,0.0,12.1,13.1
85,2023년 03월 21일,동구,153888,135298,40659,163177,142307,42433,14.0,0.0,12.2,15.8
86,2023년 03월 21일,서구,224279,194869,53569,235225,203531,55421,14.0,0.0,12.2,15.8
87,2023년 03월 21일,중구,120946,108992,27126,129325,114776,28480,14.0,0.0,12.2,15.8
88,2023년 03월 21일,대덕구,79080,71148,16201,84144,74728,16799,14.0,0.0,12.2,15.8
89,2023년 03월 21일,유성구,144220,129863,31373,152624,136636,32818,14.0,0.0,12.2,15.8
90,2023년 03월 22일,동구,153312,134088,40147,162526,141110,41933,17.0,0.0,12.2,18.4
91,2023년 03월 22일,서구,227842,197478,54851,238874,206034,56730,17.0,0.0,12.2,18.4
92,2023년 03월 22일,중구,120706,109407,27392,129171,115296,28754,17.0,0.0,12.2,18.4
93,2023년 03월 22일,대덕구,80018,72110,16722,84932,75622,17306,17.0,0.0,12.2,18.4
94,2023년 03월 22일,유성구,146386,132003,32012,154736,138735,33456,17.0,0.0,12.2,18.4
95,2023년 03월 23일,동구,146213,128213,37752,155360,135256,39508,15.0,11.4,12.2,15.4
96,2023년 03월 23일,서구,218478,187765,51440,230122,196711,53354,15.0,11.4,12.2,15.4
97,2023년 03월 23일,중구,115125,103229,25260,124184,109241,26616,15.0,11.4,12.2,15.4
98,2023년 03월 23일,대덕구,78874,70297,16150,83625,73638,16726,15.0,11.4,12.2,15.4
99,2023년 03월 23일,유성구,142927,127275,30492,151525,134212,31969,15.0,11.4,12.2,15.4
100,2023년 03월 24일,동구,162161,144169,39936,172148,151897,41784,12.4,0.0,12.3,14.9
101,2023년 03월 24일,서구,234589,203231,55707,246649,212638,57764,12.4,0.0,12.3,14.9
102,2023년 03월 24일,중구,126690,116277,27340,136055,122815,28711,12.4,0.0,12.3,14.9
103,2023년 03월 24일,대덕구,81219,71577,16154,86193,75166,16742,12.4,0.0,12.3,14.9
104,2023년 03월 24일,유성구,151430,136067,31812,160404,143251,33295,12.4,0.0,12.3,14.9
105,2023년 03월 25일,동구,124256,110803,27252,130350,115742,28291,10.8,0.0,12.3,12.0
106,2023년 03월 25일,서구,162532,140144,36375,172481,147785,37883,10.8,0.0,12.3,12.0
107,2023년 03월 25일,중구,92348,84317,17792,98034,88599,18540,10.8,0.0,12.3,12.0
108,2023년 03월 25일,대덕구,52215,45170,9430,55250,47364,9853,10.8,0.0,12.3,12.0
109,2023년 03월 25일,유성구,97131,88751,19156,103070,93706,20093,10.8,0.0,12.3,12.0
110,2023년 03월 26일,동구,105339,87119,20129,111159,91537,21086,9.7,0.0,12.4,14.0
111,2023년 03월 26일,서구,120409,104238,28017,129324,111285,29485,9.7,0.0,12.4,14.0
112,2023년 03월 26일,중구,72268,64503,13559,77539,68273,14234,9.7,0.0,12.4,14.0
113,2023년 03월 26일,대덕구,37136,33421,6488,39562,35194,6862,9.7,0.0,12.4,14.0
114,2023년 03월 26일,유성구,78454,74408,16290,84231,79336,17234,9.7,0.0,12.4,14.0
115,2023년 03월 27일,동구,157421,137464,40312,166730,144511,42041,7.4,0.0,12.4,11.8
116,2023년 03월 27일,서구,223995,194142,54586,235079,202780,56479,7.4,0.0,12.4,11.8
117,2023년 03월 27일,중구,119543,107751,26928,127964,113494,28275,7.4,0.0,12.4,11.8
118,2023년 03월 27일,대덕구,78636,70963,16191,83750,74610,16819,7.4,0.0,12.4,11.8
119,2023년 03월 27일,유성구,144571,131568,32019,153034,138510,33528,7.4,0.0,12.4,11.8
120,2023년 03월 28일,동구,153977,136013,40327,162998,142924,42026,8.7,0.0,12.4,11.0
121,2023년 03월 28일,서구,225784,195750,54437,236726,204233,56247,8.7,0.0,12.4,11.0
122,2023년 03월 28일,중구,120189,107904,26790,128682,113740,28188,8.7,0.0,12.4,11.0
123,2023년 03월 28일,대덕구,81848,73474,17085,87001,77074,17683,8.7,0.0,12.4,11.0
124,2023년 03월 28일,유성구,147504,132950,32385,155892,139700,33838,8.7,0.0,12.4,11.0
125,2023년 03월 29일,동구,152819,133998,39664,162052,140995,41367,11.8,0.0,12.5,14.3
126,2023년 03월 29일,서구,229355,197824,55110,240648,206640,57026,11.8,0.0,12.5,14.3
127,2023년 03월 29일,중구,118776,107762,26610,127488,113725,28011,11.8,0.0,12.5,14.3
128,2023년 03월 29일,대덕구,80113,71771,16528,85180,75361,17125,11.8,0.0,12.5,14.3
129,2023년 03월 29일,유성구,151943,137375,33552,160397,144183,35045,11.8,0.0,12.5,14.3
130,2023년 03월 30일,동구,156168,137952,40407,165118,144792,42146,14.2,0.0,12.5,15.3
131,2023년 03월 30일,서구,227273,196381,55134,238175,204808,56997,14.2,0.0,12.5,15.3
132,2023년 03월 30일,중구,120448,108890,26782,128692,114544,28112,14.2,0.0,12.5,15.3
133,2023년 03월 30일,대덕구,79749,71317,16299,84933,74995,16909,14.2,0.0,12.5,15.3
134,2023년 03월 30일,유성구,147949,133215,32116,156419,139968,33594,14.2,0.0,12.5,15.3
135,2023년 03월 31일,동구,161672,143036,39737,171230,150434,41452,14.7,0.0,12.5,16.5
136,2023년 03월 31일,서구,233322,201964,55595,245423,211207,57569,14.7,0.0,12.5,16.5
137,2023년 03월 31일,중구,125682,114736,27584,134673,120993,28903,14.7,0.0,12.5,16.5
138,2023년 03월 31일,대덕구,80807,71705,16191,85786,75291,16769,14.7,0.0,12.5,16.5
139,2023년 03월 31일,유성구,153172,137243,32072,162727,144926,33652,14.7,0.0,12.5,16.5
140,2023년 04월 01일,동구,129611,114059,28861,135804,118953,29892,16.8,0.0,12.6,18.3
141,2023년 04월 01일,서구,165138,142007,37664,175827,150348,39472,16.8,0.0,12.6,18.3
142,2023년 04월 01일,중구,96590,88322,18914,102825,93037,19735,16.8,0.0,12.6,18.3
143,2023년 04월 01일,대덕구,53646,46877,10031,56878,49167,10454,16.8,0.0,12.6,18.3
144,2023년 04월 01일,유성구,108432,99064,21662,115242,104763,22830,16.8,0.0,12.6,18.3
145,2023년 04월 02일,동구,107669,89317,21314,112990,93364,22255,16.9,0.0,12.6,19.1
146,2023년 04월 02일,서구,122120,106597,29315,130864,113419,30874,16.9,0.0,12.6,19.1
147,2023년 04월 02일,중구,73666,65390,14006,78773,69288,14696,16.9,0.0,12.6,19.1
148,2023년 04월 02일,대덕구,38782,34178,6694,41256,35966,7071,16.9,0.0,12.6,19.1
149,2023년 04월 02일,유성구,80483,75978,17274,86147,80752,18231,16.9,0.0,12.6,19.1
150,2023년 04월 03일,동구,156258,137150,40263,165476,144178,42012,16.8,0.0,12.7,18.8
151,2023년 04월 03일,서구,224368,194373,54698,235297,202955,56698,16.8,0.0,12.7,18.8
152,2023년 04월 03일,중구,119872,107614,26954,128091,113194,28226,16.8,0.0,12.7,18.8
153,2023년 04월 03일,대덕구,81172,73316,16931,86228,76930,17558,16.8,0.0,12.7,18.8
154,2023년 04월 03일,유성구,143589,130200,31810,151922,136878,33289,16.8,0.0,12.7,18.8
155,2023년 04월 04일,동구,152473,133691,40409,161253,140333,42051,15.2,7.6,12.7,17.7
156,2023년 04월 04일,서구,224479,194386,54115,235174,202674,55915,15.2,7.6,12.7,17.7
157,2023년 04월 04일,중구,119759,107527,26613,128029,113247,27953,15.2,7.6,12.7,17.7
158,2023년 04월 04일,대덕구,79338,70655,16452,84380,74203,17037,15.2,7.6,12.7,17.7
159,2023년 04월 04일,유성구,149296,133484,32510,157758,140231,34031,15.2,7.6,12.7,17.7
160,2023년 04월 05일,동구,139433,120190,36006,148188,126648,37605,12.1,18.5,12.7,13.9
161,2023년 04월 05일,서구,214114,183425,50868,224749,191480,52579,12.1,18.5,12.7,13.9
162,2023년 04월 05일,중구,110682,98259,24052,118885,103673,25306,12.1,18.5,12.7,13.9
163,2023년 04월 05일,대덕구,74254,65900,15111,79231,69335,15687,12.1,18.5,12.7,13.9
164,2023년 04월 05일,유성구,138472,122260,29209,146670,128718,30560,12.1,18.5,12.7,13.9
165,2023년 04월 06일,동구,147050,129417,38290,156082,136223,40031,8.7,4.2,12.8,10.5
166,2023년 04월 06일,서구,221547,191253,53403,232118,199470,55138,8.7,4.2,12.8,10.5
167,2023년 04월 06일,중구,115680,104302,25968,123917,109861,27256,8.7,4.2,12.8,10.5
168,2023년 04월 06일,대덕구,77164,68600,15801,82249,72128,16402,8.7,4.2,12.8,10.5
169,2023년 04월 06일,유성구,144190,128611,30680,152596,135284,32146,8.7,4.2,12.8,10.5
170,2023년 04월 07일,동구,163899,144972,40637,173540,152403,42383,9.0,0.3,12.8,12.9
171,2023년 04월 07일,서구,234918,204148,56240,246535,213007,58146,9.0,0.3,12.8,12.9
172,2023년 04월 07일,중구,129400,118375,27838,138714,124876,29205,9.0,0.3,12.8,12.9
173,2023년 04월 07일,대덕구,83000,73596,16862,88072,77202,17449,9.0,0.3,12.8,12.9
174,2023년 04월 07일,유성구,150330,134669,31310,159180,141773,32763,9.0,0.3,12.8,12.9
175,2023년 04월 08일,동구,130770,116012,29108,136898,120862,30291,8.6,0.0,12.8,11.7
176,2023년 04월 08일,서구,169564,146275,38404,179754,154151,39967,8.6,0.0,12.8,11.7
177,2023년 04월 08일,중구,99393,90751,19026,105549,95311,19960,8.6,0.0,12.8,11.7
178,2023년 04월 08일,대덕구,59116,51502,11120,62454,53985,11590,8.6,0.0,12.8,11.7
179,2023년 04월 08일,유성구,100048,91387,19583,105466,95942,20476,8.6,0.0,12.8,11.7
180,2023년 04월 09일,동구,107524,89759,21548,112792,93681,22447,10.1,0.0,12.9,14.3
181,2023년 04월 09일,서구,121473,104939,28513,128886,110598,29676,10.1,0.0,12.9,14.3
182,2023년 04월 09일,중구,74953,67201,14220,79871,70784,14909,10.1,0.0,12.9,14.3
183,2023년 04월 09일,대덕구,40693,36342,7096,43522,38513,7558,10.1,0.0,12.9,14.3
184,2023년 04월 09일,유성구,79022,75158,16590,83433,78980,17375,10.1,0.0,12.9,14.3
185,2023년 04월 10일,동구,156456,137826,40524,165529,144767,42244,12.6,0.0,12.9,15.3
186,2023년 04월 10일,서구,223724,194458,53849,233973,202440,55604,12.6,0.0,12.9,15.3
187,2023년 04월 10일,중구,119942,107630,26714,128111,113186,28013,12.6,0.0,12.9,15.3
188,2023년 04월 10일,대덕구,79353,71286,16527,84315,74876,17151,12.6,0.0,12.9,15.3
189,2023년 04월 10일,유성구,142377,129421,31682,150517,135925,33084,12.6,0.0,12.9,15.3
190,2023년 04월 11일,동구,142332,124850,37863,151010,131342,39555,14.7,0.0,13.0,13.2
191,2023년 04월 11일,서구,215248,186662,51605,225397,194562,53305,14.7,0.0,13.0,13.2
192,2023년 04월 11일,중구,112815,101751,25042,120985,107290,26319,14.7,0.0,13.0,13.2
193,2023년 04월 11일,대덕구,76355,68117,15627,81310,71567,16173,14.7,0.0,13.0,13.2
194,2023년 04월 11일,유성구,138515,124737,30212,146400,130994,31584,14.7,0.0,13.0,13.2
195,2023년 04월 12일,동구,151922,133386,39602,160771,140101,41265,10.9,0.0,13.0,14.7
196,2023년 04월 12일,서구,227118,197107,54551,238221,205826,56464,10.9,0.0,13.0,14.7
197,2023년 04월 12일,중구,118838,107603,26678,127433,113428,28003,10.9,0.0,13.0,14.7
198,2023년 04월 12일,대덕구,80135,71729,16518,85165,75283,17087,10.9,0.0,13.0,14.7
199,2023년 04월 12일,유성구,145951,131654,31802,154231,138296,33214,10.9,0.0,13.0,14.7
200,2023년 04월 13일,동구,154852,137042,40346,163664,143732,42057,13.5,0.0,13.0,16.1
201,2023년 04월 13일,서구,228369,197778,54869,238862,205943,56637,13.5,0.0,13.0,16.1
202,2023년 04월 13일,중구,119982,108675,26844,128063,114266,28076,13.5,0.0,13.0,16.1
203,2023년 04월 13일,대덕구,82879,73802,17029,87871,77253,17581,13.5,0.0,13.0,16.1
204,2023년 04월 13일,유성구,145157,131292,31532,153317,137788,32921,13.5,0.0,13.0,16.1
205,2023년 04월 14일,동구,158659,140818,39537,167976,147899,41246,15.1,0.0,13.1,16.2
206,2023년 04월 14일,서구,231456,200741,54491,242476,209264,56307,15.1,0.0,13.1,16.2
207,2023년 04월 14일,중구,123084,112299,26776,131413,117997,27983,15.1,0.0,13.1,16.2
208,2023년 04월 14일,대덕구,80629,71944,16450,85428,75330,17008,15.1,0.0,13.1,16.2
209,2023년 04월 14일,유성구,147976,133358,30850,156308,140033,32211,15.1,0.0,13.1,16.2
210,2023년 04월 15일,동구,116292,102835,25356,120942,106415,26154,12.5,13.2,13.1,14.0
211,2023년 04월 15일,서구,149210,128424,33159,156900,134179,34207,12.5,13.2,13.1,14.0
212,2023년 04월 15일,중구,86050,78146,16658,90679,81504,17290,12.5,13.2,13.1,14.0
213,2023년 04월 15일,대덕구,49313,42453,8691,51816,44252,9009,12.5,13.2,13.1,14.0
214,2023년 04월 15일,유성구,88860,80393,16813,93370,84155,17499,12.5,13.2,13.1,14.0
215,2023년 04월 16일,동구,101736,85005,20454,106118,88305,21190,10.9,0.0,13.1,13.1
216,2023년 04월 16일,서구,115970,100938,27101,122558,106026,28129,10.9,0.0,13.1,13.1
217,2023년 04월 16일,중구,69190,61677,13604,73013,64426,14186,10.9,0.0,13.1,13.1
218,2023년 04월 16일,대덕구,37537,32950,6382,39580,34366,6615,10.9,0.0,13.1,13.1
219,2023년 04월 16일,유성구,71533,67642,14546,75717,71077,15218,10.9,0.0,13.1,13.1
220,2023년 04월 17일,동구,154868,136414,40590,163488,142942,42226,13.6,0.0,13.2,16.2
221,2023년 04월 17일,서구,219566,191207,52939,229720,199079,54620,13.6,0.0,13.2,16.2
222,2023년 04월 17일,중구,118768,106713,26323,126672,112063,27577,13.6,0.0,13.2,16.2
223,2023년 04월 17일,대덕구,78962,70398,16283,83787,73843,16858,13.6,0.0,13.2,16.2
224,2023년 04월 17일,유성구,139627,126774,30786,147537,133131,32155,13.6,0.0,13.2,16.2
225,2023년 04월 18일,동구,141285,123377,37510,149636,129634,39096,13.8,1.3,13.2,14.5
226,2023년 04월 18일,서구,212435,183450,50539,222604,191252,52205,13.8,1.3,13.2,14.5
227,2023년 04월 18일,중구,112584,101057,25324,120674,106469,26595,13.8,1.3,13.2,14.5
228,2023년 04월 18일,대덕구,76067,67524,15583,81056,70970,16210,13.8,1.3,13.2,14.5
229,2023년 04월 18일,유성구,137352,123038,29754,145270,129258,31089,13.8,1.3,13.2,14.5
230,2023년 04월 19일,동구,152981,134264,40742,161635,140740,42395,20.2,0.0,13.2,23.3
231,2023년 04월 19일,서구,229787,198891,55826,240493,207193,57605,20.2,0.0,13.2,23.3
232,2023년 04월 19일,중구,121393,110173,27020,130335,116129,28364,20.2,0.0,13.2,23.3
233,2023년 04월 19일,대덕구,80184,71521,16474,85196,75062,17090,20.2,0.0,13.2,23.3
234,2023년 04월 19일,유성구,148361,134162,32618,156413,140618,34002,20.2,0.0,13.2,23.3
235,2023년 04월 20일,동구,156493,138130,41558,164973,144603,43229,19.9,0.0,13.3,21.7
236,2023년 04월 20일,서구,228803,198169,54966,238990,206070,56649,19.9,0.0,13.3,21.7
237,2023년 04월 20일,중구,123503,111567,27796,131604,117090,29037,19.9,0.0,13.3,21.7
238,2023년 04월 20일,대덕구,80657,72092,16588,85555,75493,17154,19.9,0.0,13.3,21.7
239,2023년 04월 20일,유성구,145096,130794,31696,153135,137167,33103,19.9,0.0,13.3,21.7
240,2023년 04월 21일,동구,159043,140110,39491,167658,146609,41114,17.5,0.0,13.3,22.0
241,2023년 04월 21일,서구,235769,204246,56335,246884,212715,58171,17.5,0.0,13.3,22.0
242,2023년 04월 21일,중구,125327,114897,27238,133924,120783,28531,17.5,0.0,13.3,22.0
243,2023년 04월 21일,대덕구,80927,71669,16214,85717,75049,16753,17.5,0.0,13.3,22.0
244,2023년 04월 21일,유성구,146692,131913,30690,155456,138817,32129,17.5,0.0,13.3,22.0
245,2023년 04월 22일,동구,124260,110697,27804,128820,114233,28567,16.2,0.0,13.4,20.0
246,2023년 04월 22일,서구,158905,137522,35722,166586,143467,36917,16.2,0.0,13.4,20.0
247,2023년 04월 22일,중구,94601,86007,18261,98994,89258,18903,16.2,0.0,13.4,20.0
248,2023년 04월 22일,대덕구,52486,45812,9525,55117,47678,9878,16.2,0.0,13.4,20.0
249,2023년 04월 22일,유성구,94694,86120,18627,99197,89918,19320,16.2,0.0,13.4,20.0
250,2023년 04월 23일,동구,100739,84802,20559,104682,87736,21202,15.9,0.0,13.4,19.7
251,2023년 04월 23일,서구,115186,99841,26967,121137,104388,27921,15.9,0.0,13.4,19.7
252,2023년 04월 23일,중구,71376,63938,13643,74873,66505,14155,15.9,0.0,13.4,19.7
253,2023년 04월 23일,대덕구,40129,35559,6781,42034,36902,7024,15.9,0.0,13.4,19.7
254,2023년 04월 23일,유성구,68763,65503,14030,72380,68515,14642,15.9,0.0,13.4,19.7
255,2023년 04월 24일,동구,152476,134042,40092,161297,140583,41742,15.0,0.0,13.4,19.3
256,2023년 04월 24일,서구,222952,193547,53946,233244,201601,55676,15.0,0.0,13.4,19.3
257,2023년 04월 24일,중구,117609,106008,26248,125570,111334,27531,15.0,0.0,13.4,19.3
258,2023년 04월 24일,대덕구,78789,70602,16345,83570,74039,16942,15.0,0.0,13.4,19.3
259,2023년 04월 24일,유성구,142785,129818,31560,150772,136156,32909,15.0,0.0,13.4,19.3
260,2023년 04월 25일,동구,144511,125713,37911,153313,132229,39597,9.3,1.8,13.5,12.1
261,2023년 04월 25일,서구,217877,188002,52196,228582,196153,53875,9.3,1.8,13.5,12.1
262,2023년 04월 25일,중구,114617,102774,25596,122847,108259,26925,9.3,1.8,13.5,12.1
263,2023년 04월 25일,대덕구,76313,67947,15750,81213,71346,16328,9.3,1.8,13.5,12.1
264,2023년 04월 25일,유성구,140733,125383,30664,149070,131953,32027,9.3,1.8,13.5,12.1
265,2023년 04월 26일,동구,155622,136491,41013,164785,143383,42732,9.5,0.0,13.5,14.9
266,2023년 04월 26일,서구,233054,202939,56154,244177,211630,57981,9.5,0.0,13.5,14.9
267,2023년 04월 26일,중구,120894,110210,27322,129734,116036,28659,9.5,0.0,13.5,14.9
268,2023년 04월 26일,대덕구,80565,72144,16540,85584,75705,17146,9.5,0.0,13.5,14.9
269,2023년 04월 26일,유성구,147725,132995,32216,156657,140101,33701,9.5,0.0,13.5,14.9
270,2023년 04월 27일,동구,158646,140420,41559,168186,147620,43323,12.7,0.0,13.5,18.8
271,2023년 04월 27일,서구,232349,200480,56012,243831,209323,57946,12.7,0.0,13.5,18.8
272,2023년 04월 27일,중구,121837,110488,27230,130756,116554,28524,12.7,0.0,13.5,18.8
273,2023년 04월 27일,대덕구,79993,71714,16810,85067,75280,17429,12.7,0.0,13.5,18.8
274,2023년 04월 27일,유성구,150040,135170,32467,158627,142116,33917,12.7,0.0,13.5,18.8
275,2023년 04월 28일,동구,167623,148599,41318,178503,157274,43411,16.2,0.0,13.6,21.5
276,2023년 04월 28일,서구,242244,210109,57749,257313,221714,60206,16.2,0.0,13.6,21.5
277,2023년 04월 28일,중구,130599,119761,28398,142699,128148,30035,16.2,0.0,13.6,21.5
278,2023년 04월 28일,대덕구,84955,75482,17350,90622,79390,18052,16.2,0.0,13.6,21.5
279,2023년 04월 28일,유성구,153915,136614,31589,165017,145576,33332,16.2,0.0,13.6,21.5
280,2023년 04월 29일,동구,113440,101497,24561,118253,105319,25497,14.0,7.6,13.6,15.7
281,2023년 04월 29일,서구,148871,127852,32921,156460,133714,34174,14.0,7.6,13.6,15.7
282,2023년 04월 29일,중구,86860,78327,16278,91543,81770,16956,14.0,7.6,13.6,15.7
283,2023년 04월 29일,대덕구,49217,41751,8796,51665,43480,9146,14.0,7.6,13.6,15.7
284,2023년 04월 29일,유성구,93150,83786,18189,98452,88075,19111,14.0,7.6,13.6,15.7
285,2023년 04월 30일,동구,108740,91294,22380,113607,94976,23266,13.5,0.0,13.6,18.2
286,2023년 04월 30일,서구,128212,111806,29509,135277,117279,30672,13.5,0.0,13.6,18.2
287,2023년 04월 30일,중구,78777,70532,14498,83530,74021,15118,13.5,0.0,13.6,18.2
288,2023년 04월 30일,대덕구,39709,34499,7041,41957,36107,7387,13.5,0.0,13.6,18.2
289,2023년 04월 30일,유성구,79990,74340,16166,84717,78284,16968,13.5,0.0,13.6,18.2
290,2023년 05월 01일,동구,129393,112140,29637,137225,118119,31050,14.7,0.0,13.7,20.2
291,2023년 05월 01일,서구,168674,147064,39093,178951,155162,40695,14.7,0.0,13.7,20.2
292,2023년 05월 01일,중구,93751,83393,19044,102158,89045,20121,14.7,0.0,13.7,20.2
293,2023년 05월 01일,대덕구,52975,47283,10193,57575,50511,10713,14.7,0.0,13.7,20.2
294,2023년 05월 01일,유성구,105348,97880,23238,113285,104435,24576,14.7,0.0,13.7,20.2
295,2023년 05월 02일,동구,158001,138245,41320,167397,145410,43022,17.0,0.0,13.7,21.3
296,2023년 05월 02일,서구,230193,199888,55637,242836,209598,57623,17.0,0.0,13.7,21.3
297,2023년 05월 02일,중구,122543,110407,27394,132158,116890,28759,17.0,0.0,13.7,21.3
298,2023년 05월 02일,대덕구,80165,72320,16633,85301,75929,17236,17.0,0.0,13.7,21.3
299,2023년 05월 02일,유성구,145472,131840,31488,154307,139037,32958,17.0,0.0,13.7,21.3
300,2023년 05월 03일,동구,156717,137284,41048,166303,144591,42863,19.1,0.0,13.7,23.6
301,2023년 05월 03일,서구,234442,202887,56772,245828,211640,58534,19.1,0.0,13.7,23.6
302,2023년 05월 03일,중구,121169,109716,27294,130527,115968,28617,19.1,0.0,13.7,23.6
303,2023년 05월 03일,대덕구,83534,75087,17407,88799,78814,18077,19.1,0.0,13.7,23.6
304,2023년 05월 03일,유성구,148697,134711,32205,157222,141558,33654,19.1,0.0,13.7,23.6
305,2023년 05월 04일,동구,168413,148969,42590,179166,157204,44583,20.1,1.8,13.8,24.5
306,2023년 05월 04일,서구,238675,206371,57076,254295,218398,59736,20.1,1.8,13.8,24.5
307,2023년 05월 04일,중구,128261,117946,28374,140540,126573,29912,20.1,1.8,13.8,24.5
308,2023년 05월 04일,대덕구,84120,74505,17197,89329,78297,17851,20.1,1.8,13.8,24.5
309,2023년 05월 04일,유성구,158979,141300,33180,170306,150702,35214,20.1,1.8,13.8,24.5
310,2023년 05월 05일,동구,88547,77975,18182,92841,81287,18944,19.0,83.3,13.8,19.9
311,2023년 05월 05일,서구,109213,92214,24435,116081,97217,25523,19.0,83.3,13.8,19.9
312,2023년 05월 05일,중구,64096,57012,11508,68619,60193,11963,19.0,83.3,13.8,19.9
313,2023년 05월 05일,대덕구,35558,29792,6295,37520,31134,6580,19.0,83.3,13.8,19.9
314,2023년 05월 05일,유성구,70405,60057,12536,74645,63365,13185,19.0,83.3,13.8,19.9
315,2023년 05월 06일,동구,97395,83732,20432,101733,87099,21176,15.1,38.6,13.8,17.1
316,2023년 05월 06일,서구,126264,108478,28611,134191,114246,29925,15.1,38.6,13.8,17.1
317,2023년 05월 06일,중구,72833,65058,13622,77407,68392,14157,15.1,38.6,13.8,17.1
318,2023년 05월 06일,대덕구,41294,35401,7239,43522,36902,7550,15.1,38.6,13.8,17.1
319,2023년 05월 06일,유성구,72897,64753,14000,77380,68368,14710,15.1,38.6,13.8,17.1
320,2023년 05월 07일,동구,103164,84655,19831,108373,88491,20685,12.0,0.2,13.9,14.3
321,2023년 05월 07일,서구,115218,100857,27451,123250,107106,28726,12.0,0.2,13.9,14.3
322,2023년 05월 07일,중구,70735,61805,13226,76497,65927,13975,12.0,0.2,13.9,14.3
323,2023년 05월 07일,대덕구,36080,31790,6135,38308,33381,6437,12.0,0.2,13.9,14.3
324,2023년 05월 07일,유성구,69551,67209,14975,74283,71257,15773,12.0,0.2,13.9,14.3
325,2023년 05월 08일,동구,159974,139228,40925,169135,146225,42661,13.7,0.0,13.9,17.0
326,2023년 05월 08일,서구,228762,199194,56317,239728,207707,58227,13.7,0.0,13.9,17.0
327,2023년 05월 08일,중구,123054,110158,27806,132010,116085,29157,13.7,0.0,13.9,17.0
328,2023년 05월 08일,대덕구,81127,73354,16912,86126,76906,17552,13.7,0.0,13.9,17.0
329,2023년 05월 08일,유성구,143880,130887,32212,152216,137647,33684,13.7,0.0,13.9,17.0
330,2023년 05월 09일,동구,158290,139531,41744,167204,146314,43503,16.5,0.0,13.9,19.2
331,2023년 05월 09일,서구,233884,203291,56437,245022,211913,58268,16.5,0.0,13.9,19.2
332,2023년 05월 09일,중구,125120,113035,27844,134026,119153,29190,16.5,0.0,13.9,19.2
333,2023년 05월 09일,대덕구,81423,72684,16861,86364,76126,17450,16.5,0.0,13.9,19.2
334,2023년 05월 09일,유성구,152598,137672,32968,161204,144532,34411,16.5,0.0,13.9,19.2
335,2023년 05월 10일,동구,158258,139503,41639,167383,146650,43423,17.3,0.0,13.9,20.8
336,2023년 05월 10일,서구,236778,205130,56925,248841,214519,59086,17.3,0.0,13.9,20.8
337,2023년 05월 10일,중구,126217,113862,28170,135554,120215,29551,17.3,0.0,13.9,20.8
338,2023년 05월 10일,대덕구,81565,72933,16735,86549,76401,17332,17.3,0.0,13.9,20.8
339,2023년 05월 10일,유성구,150896,136212,32914,160009,143330,34443,17.3,0.0,13.9,20.8
340,2023년 05월 11일,동구,158376,140061,41516,167498,146956,43242,18.9,0.0,14.0,22.4
341,2023년 05월 11일,서구,235369,203796,57452,247413,213073,59479,18.9,0.0,14.0,22.4
342,2023년 05월 11일,중구,126037,114332,28088,135094,120592,29447,18.9,0.0,14.0,22.4
343,2023년 05월 11일,대덕구,81461,72794,16817,86464,76277,17417,18.9,0.0,14.0,22.4
344,2023년 05월 11일,유성구,149575,135141,31896,158451,142389,33453,18.9,0.0,14.0,22.4
345,2023년 05월 12일,동구,163299,145234,40485,173546,153259,42375,18.5,0.0,14.0,22.1
346,2023년 05월 12일,서구,240080,208129,56856,255408,219912,59524,18.5,0.0,14.0,22.1
347,2023년 05월 12일,중구,127886,116506,27622,138304,123841,29080,18.5,0.0,14.0,22.1
348,2023년 05월 12일,대덕구,81265,71911,16362,86393,75602,17030,18.5,0.0,14.0,22.1
349,2023년 05월 12일,유성구,157198,140976,31790,167637,149514,33360,18.5,0.0,14.0,22.1
350,2023년 05월 13일,동구,132947,116906,28790,139222,121820,29868,18.2,0.0,14.0,23.8
351,2023년 05월 13일,서구,172826,149488,39308,183330,157524,41017,18.2,0.0,14.0,23.8
352,2023년 05월 13일,중구,97427,88863,18784,103580,93458,19558,18.2,0.0,14.0,23.8
353,2023년 05월 13일,대덕구,57602,50187,10644,60675,52419,11124,18.2,0.0,14.0,23.8
354,2023년 05월 13일,유성구,111923,101742,20344,118780,107437,21374,18.2,0.0,14.0,23.8
355,2023년 05월 14일,동구,107879,89392,21264,112989,93322,22148,17.8,0.0,14.1,22.1
356,2023년 05월 14일,서구,126578,110244,29730,135455,117014,31183,17.8,0.0,14.1,22.1
357,2023년 05월 14일,중구,73299,65521,13826,78616,69420,14439,17.8,0.0,14.1,22.1
358,2023년 05월 14일,대덕구,39117,34618,6982,41528,36349,7342,17.8,0.0,14.1,22.1
359,2023년 05월 14일,유성구,86287,81478,16990,91902,86243,17931,17.8,0.0,14.1,22.1
360,2023년 05월 15일,동구,157879,138679,40874,166692,145485,42582,20.5,0.0,14.1,25.7
361,2023년 05월 15일,서구,225478,196037,54543,237502,205434,56719,20.5,0.0,14.1,25.7
362,2023년 05월 15일,중구,122789,110280,27466,131886,116472,28893,20.5,0.0,14.1,25.7
363,2023년 05월 15일,대덕구,79875,71466,16427,84977,75060,17056,20.5,0.0,14.1,25.7
364,2023년 05월 15일,유성구,142641,129064,31722,151802,136556,33322,20.5,0.0,14.1,25.7
365,2023년 05월 16일,동구,154608,136221,40812,162983,142601,42390,23.5,0.0,14.1,27.9
366,2023년 05월 16일,서구,232408,201818,56593,243155,210129,58423,23.5,0.0,14.1,27.9
367,2023년 05월 16일,중구,123396,111637,27450,131902,117408,28768,23.5,0.0,14.1,27.9
368,2023년 05월 16일,대덕구,80119,71737,16580,85037,75126,17183,23.5,0.0,14.1,27.9
369,2023년 05월 16일,유성구,150547,135949,32864,158851,142605,34255,23.5,0.0,14.1,27.9
370,2023년 05월 17일,동구,155354,136884,41010,164093,143532,42734,23.6,0.0,14.1,28.2
371,2023년 05월 17일,서구,233738,202427,56917,245747,211591,58911,23.6,0.0,14.1,28.2
372,2023년 05월 17일,중구,123277,111019,27392,132259,117328,28786,23.6,0.0,14.1,28.2
373,2023년 05월 17일,대덕구,80400,72067,16711,85275,75442,17300,23.6,0.0,14.1,28.2
374,2023년 05월 17일,유성구,148596,134572,32389,157488,141729,33897,23.6,0.0,14.1,28.2
375,2023년 05월 18일,동구,154099,135268,40459,162547,141653,42127,19.2,0.0,14.2,21.4
376,2023년 05월 18일,서구,227798,196857,55137,238744,205284,56968,19.2,0.0,14.2,21.4
377,2023년 05월 18일,중구,121359,109486,27134,130218,115494,28451,19.2,0.0,14.2,21.4
378,2023년 05월 18일,대덕구,81589,72482,17099,86511,75814,17712,19.2,0.0,14.2,21.4
379,2023년 05월 18일,유성구,147714,133265,32049,156143,139899,33407,19.2,0.0,14.2,21.4
380,2023년 05월 19일,동구,163670,144502,40260,172576,151413,41843,20.8,0.0,14.2,23.7
381,2023년 05월 19일,서구,236119,205349,56120,249266,215354,58384,20.8,0.0,14.2,23.7
382,2023년 05월 19일,중구,126676,115694,27404,136158,122002,28752,20.8,0.0,14.2,23.7
383,2023년 05월 19일,대덕구,81853,72544,16670,86837,76064,17254,20.8,0.0,14.2,23.7
384,2023년 05월 19일,유성구,154002,138433,32170,163700,146282,33610,20.8,0.0,14.2,23.7
385,2023년 05월 20일,동구,133754,118457,30008,139415,122791,31058,20.6,0.0,14.2,26.1
386,2023년 05월 20일,서구,176339,152954,41599,186790,160995,43382,20.6,0.0,14.2,26.1
387,2023년 05월 20일,중구,99790,91695,19220,105488,96102,20014,20.6,0.0,14.2,26.1
388,2023년 05월 20일,대덕구,56262,48990,10359,59345,51164,10861,20.6,0.0,14.2,26.1
389,2023년 05월 20일,유성구,109929,99637,21376,116173,104746,22381,20.6,0.0,14.2,26.1
390,2023년 05월 21일,동구,107523,89987,21904,112380,93582,22741,18.3,0.0,14.3,24.4
391,2023년 05월 21일,서구,124619,108740,29770,132782,115037,31037,18.3,0.0,14.3,24.4
392,2023년 05월 21일,중구,72662,64702,13676,77339,68226,14261,18.3,0.0,14.3,24.4
393,2023년 05월 21일,대덕구,39080,34339,6913,41400,35939,7246,18.3,0.0,14.3,24.4
394,2023년 05월 21일,유성구,76511,72621,15544,81375,76789,16371,18.3,0.0,14.3,24.4
395,2023년 05월 22일,동구,154389,134779,40022,162838,141118,41620,17.5,5.7,14.3,22.5
396,2023년 05월 22일,서구,222558,193486,54333,233043,201592,56064,17.5,5.7,14.3,22.5
397,2023년 05월 22일,중구,118838,106635,26574,126977,111949,27797,17.5,5.7,14.3,22.5
398,2023년 05월 22일,대덕구,78350,70542,16330,82995,73821,16907,17.5,5.7,14.3,22.5
399,2023년 05월 22일,유성구,142257,129061,31454,150401,135563,32824,17.5,5.7,14.3,22.5
400,2023년 06월 01일,동구,156183,138365,41295,165153,145180,43003,22.4,0.0,14.5,25.1
401,2023년 06월 01일,서구,229452,198768,54969,241357,207866,56896,22.4,0.0,14.5,25.1
402,2023년 06월 01일,중구,123305,111109,27518,132853,117432,28911,22.4,0.0,14.5,25.1
403,2023년 06월 01일,대덕구,79920,71392,16480,84621,74573,17072,22.4,0.0,14.5,25.1
404,2023년 06월 01일,유성구,146847,132281,32000,155046,138821,33384,22.4,0.0,14.5,25.1
405,2023년 06월 02일,동구,162585,143142,40461,171778,150034,42138,21.9,0.0,14.5,26.7
406,2023년 06월 02일,서구,234804,204611,55922,246734,213725,57886,21.9,0.0,14.5,26.7
407,2023년 06월 02일,중구,125999,114599,27182,135473,121065,28552,21.9,0.0,14.5,26.7
408,2023년 06월 02일,대덕구,81207,71963,16510,86085,75247,17107,21.9,0.0,14.5,26.7
409,2023년 06월 02일,유성구,148597,132931,30965,157303,139789,32331,21.9,0.0,14.5,26.7
410,2023년 06월 03일,동구,129560,116176,28810,135508,120883,29917,21.9,0.0,14.5,26.5
411,2023년 06월 03일,서구,165814,144022,37226,175334,151295,38710,21.9,0.0,14.5,26.5
412,2023년 06월 03일,중구,97783,88968,18644,104157,93684,19516,21.9,0.0,14.5,26.5
413,2023년 06월 03일,대덕구,55989,48601,10163,59036,50754,10559,21.9,0.0,14.5,26.5
414,2023년 06월 03일,유성구,100538,90199,19414,106317,94895,20332,21.9,0.0,14.5,26.5
415,2023년 06월 04일,동구,103144,87072,21000,108032,90837,21878,22.6,0.0,14.5,27.6
416,2023년 06월 04일,서구,120664,105212,28539,128386,111165,29790,22.6,0.0,14.5,27.6
417,2023년 06월 04일,중구,74180,65945,13880,79453,69873,14530,22.6,0.0,14.5,27.6
418,2023년 06월 04일,대덕구,37101,32386,6627,39419,33991,6953,22.6,0.0,14.5,27.6
419,2023년 06월 04일,유성구,79086,73653,15717,84209,77838,16518,22.6,0.0,14.5,27.6
420,2023년 06월 05일,동구,156188,136658,39257,164337,142742,40697,21.5,0.0,14.5,26.2
421,2023년 06월 05일,서구,220750,192343,52617,231077,200495,54375,21.5,0.0,14.5,26.2
422,2023년 06월 05일,중구,119158,108279,26112,126480,113398,27158,21.5,0.0,14.5,26.2
423,2023년 06월 05일,대덕구,76295,67897,15430,80581,70842,15968,21.5,0.0,14.5,26.2
424,2023년 06월 05일,유성구,138137,124795,29975,145899,131058,31368,21.5,0.0,14.5,26.2
425,2023년 06월 06일,동구,104815,91273,23346,109849,95205,24232,21.4,0.0,14.5,28.6
426,2023년 06월 06일,서구,127666,110834,29716,135561,116915,31003,21.4,0.0,14.5,28.6
427,2023년 06월 06일,중구,76475,68721,15034,81615,72461,15666,21.4,0.0,14.5,28.6
428,2023년 06월 06일,대덕구,42738,38020,8066,45143,39725,8439,21.4,0.0,14.5,28.6
429,2023년 06월 06일,유성구,79275,72805,15466,84504,77038,16215,21.4,0.0,14.5,28.6
430,2023년 06월 07일,동구,156180,137531,41387,164912,144014,42985,21.7,0.0,14.6,28.0
431,2023년 06월 07일,서구,229979,198923,55680,240821,207237,57430,21.7,0.0,14.6,28.0
432,2023년 06월 07일,중구,119809,108989,27112,128051,114470,28409,21.7,0.0,14.6,28.0
433,2023년 06월 07일,대덕구,80603,72563,16816,85339,75817,17386,21.7,0.0,14.6,28.0
434,2023년 06월 07일,유성구,144782,130868,31949,152864,137213,33329,21.7,0.0,14.6,28.0
435,2023년 06월 08일,동구,151330,133688,40107,159508,139811,41615,22.3,0.3,14.6,29.2
436,2023년 06월 08일,서구,224998,195331,53899,235377,203315,55530,22.3,0.3,14.6,29.2
437,2023년 06월 08일,중구,119876,108613,26450,128011,114067,27686,22.3,0.3,14.6,29.2
438,2023년 06월 08일,대덕구,81064,71989,16791,85803,75142,17321,22.3,0.3,14.6,29.2
439,2023년 06월 08일,유성구,143786,129896,31067,151824,136245,32379,22.3,0.3,14.6,29.2
440,2023년 06월 09일,동구,161523,142605,40874,170311,149146,42466,23.2,0.3,14.6,29.9
441,2023년 06월 09일,서구,233658,202789,55985,244933,211398,57831,23.2,0.3,14.6,29.9
442,2023년 06월 09일,중구,126482,115039,27608,135340,121004,28907,23.2,0.3,14.6,29.9
443,2023년 06월 09일,대덕구,80624,71497,16011,85334,74733,16572,23.2,0.3,14.6,29.9
444,2023년 06월 09일,유성구,148269,133289,31408,156772,140061,32764,23.2,0.3,14.6,29.9
445,2023년 06월 10일,동구,124631,110590,27962,129399,114234,28823,23.3,1.3,14.6,29.3
446,2023년 06월 10일,서구,163023,140676,37395,171305,146909,38643,23.3,1.3,14.6,29.3
447,2023년 06월 10일,중구,95493,87036,18674,100628,90944,19407,23.3,1.3,14.6,29.3
448,2023년 06월 10일,대덕구,52765,46149,9562,55529,48025,9916,23.3,1.3,14.6,29.3
449,2023년 06월 10일,유성구,95928,87530,19114,101051,91776,19951,23.3,1.3,14.6,29.3
450,2023년 06월 11일,동구,96116,81697,20104,100313,84870,20867,23.5,0.0,14.6,30.2
451,2023년 06월 11일,서구,113419,98709,26083,119877,103640,27065,23.5,0.0,14.6,30.2
452,2023년 06월 11일,중구,68627,61149,13238,72495,63988,13794,23.5,0.0,14.6,30.2
453,2023년 06월 11일,대덕구,36254,31837,6128,38152,33137,6385,23.5,0.0,14.6,30.2
454,2023년 06월 11일,유성구,67200,63050,13768,70985,66240,14372,23.5,0.0,14.6,30.2
455,2023년 06월 12일,동구,152274,133626,40235,160827,139909,41817,23.3,0.0,14.6,32.0
456,2023년 06월 12일,서구,223162,193764,54350,233577,201744,56154,23.3,0.0,14.6,32.0
457,2023년 06월 12일,중구,117986,106513,26634,126223,111939,27873,23.3,0.0,14.6,32.0
458,2023년 06월 12일,대덕구,78438,70550,16550,83198,73818,17127,23.3,0.0,14.6,32.0
459,2023년 06월 12일,유성구,141832,128122,31146,149768,134369,32520,23.3,0.0,14.6,32.0
460,2023년 06월 13일,동구,152874,134792,40833,161329,141024,42399,22.8,0.0,14.6,30.1
461,2023년 06월 13일,서구,228886,198811,55448,239270,206672,57131,22.8,0.0,14.6,30.1
462,2023년 06월 13일,중구,120209,108386,27084,128395,113840,28326,22.8,0.0,14.6,30.1
463,2023년 06월 13일,대덕구,81641,73242,17397,86582,76575,17987,22.8,0.0,14.6,30.1
464,2023년 06월 13일,유성구,145906,131118,31926,153871,137440,33251,22.8,0.0,14.6,30.1
465,2023년 06월 14일,동구,148778,131356,39300,157417,137838,40881,22.6,0.0,14.6,30.2
466,2023년 06월 14일,서구,231145,200601,56042,241761,208736,57819,22.6,0.0,14.6,30.2
467,2023년 06월 14일,중구,120143,108701,26572,128463,114162,27867,22.6,0.0,14.6,30.2
468,2023년 06월 14일,대덕구,79578,71045,16684,84662,74491,17308,22.6,0.0,14.6,30.2
469,2023년 06월 14일,유성구,147682,132819,32446,155722,139134,33842,22.6,0.0,14.6,30.2
470,2023년 06월 15일,동구,152833,134224,39808,161166,140375,41304,22.3,0.0,14.6,30.6
471,2023년 06월 15일,서구,227682,197809,54818,237959,205727,56472,22.3,0.0,14.6,30.6
472,2023년 06월 15일,중구,121862,110821,27446,129883,116147,28633,22.3,0.0,14.6,30.6
473,2023년 06월 15일,대덕구,79493,70683,16439,84339,73916,17006,22.3,0.0,14.6,30.6
474,2023년 06월 15일,유성구,144488,130441,30942,152352,136566,32196,22.3,0.0,14.6,30.6
475,2023년 06월 16일,동구,158835,140073,39252,167295,146371,40794,24.4,0.0,14.6,34.6
476,2023년 06월 16일,서구,234132,203803,55946,244842,212028,57648,24.4,0.0,14.6,34.6
477,2023년 06월 16일,중구,126869,116256,27458,135316,121956,28677,24.4,0.0,14.6,34.6
478,2023년 06월 16일,대덕구,81132,71280,16548,85585,74347,17090,24.4,0.0,14.6,34.6
479,2023년 06월 16일,유성구,148416,132951,30846,156606,139460,32096,24.4,0.0,14.6,34.6
480,2023년 06월 17일,동구,127435,113685,28620,132326,117434,29493,25.0,0.0,14.6,33.4
481,2023년 06월 17일,서구,165785,142789,37824,173883,149038,39049,25.0,0.0,14.6,33.4
482,2023년 06월 17일,중구,97139,88488,19284,102016,92091,19989,25.0,0.0,14.6,33.4
483,2023년 06월 17일,대덕구,54254,47198,9963,56991,49084,10346,25.0,0.0,14.6,33.4
484,2023년 06월 17일,유성구,99901,91175,19570,104803,95165,20355,25.0,0.0,14.6,33.4
485,2023년 06월 18일,동구,100950,85267,20865,105091,88424,21557,26.1,0.0,14.6,35.8
486,2023년 06월 18일,서구,118782,103068,28355,125075,107865,29312,26.1,0.0,14.6,35.8
487,2023년 06월 18일,중구,71496,64044,13788,75249,66819,14322,26.1,0.0,14.6,35.8
488,2023년 06월 18일,대덕구,39002,34488,6930,40992,35849,7206,26.1,0.0,14.6,35.8
489,2023년 06월 18일,유성구,72986,68290,14866,76791,71483,15476,26.1,0.0,14.6,35.8
490,2023년 06월 20일,동구,152543,134033,40026,160697,140106,41522,23.7,2.9,14.6,29.0
491,2023년 06월 20일,서구,231487,201456,56349,241587,209179,57959,23.7,2.9,14.6,29.0
492,2023년 06월 20일,중구,124678,113289,27452,132846,118593,28702,23.7,2.9,14.6,29.0
493,2023년 06월 20일,대덕구,78796,70148,16281,83494,73256,16828,23.7,2.9,14.6,29.0
494,2023년 06월 20일,유성구,153439,138091,32078,161238,144276,33300,23.7,2.9,14.6,29.0
495,2023년 06월 21일,동구,142886,126817,36761,151013,132800,38172,21.3,1.6,14.7,23.5
496,2023년 06월 21일,서구,223140,192610,53183,233241,200219,54695,21.3,1.6,14.7,23.5
497,2023년 06월 21일,중구,119673,108018,25360,127912,113361,26488,21.3,1.6,14.7,23.5
498,2023년 06월 21일,대덕구,74546,65873,15505,79074,68871,16010,21.3,1.6,14.7,23.5
499,2023년 06월 21일,유성구,139000,124848,28866,146415,130640,29992,21.3,1.6,14.7,23.5
500,2023년 06월 22일,동구,146532,130405,38027,154264,136249,39345,22.9,0.0,14.7,27.7
501,2023년 06월 22일,서구,227265,196076,53863,237255,203665,55365,22.9,0.0,14.7,27.7
502,2023년 06월 22일,중구,123794,112203,25965,131984,117468,27108,22.9,0.0,14.7,27.7
503,2023년 06월 22일,대덕구,76488,67968,15932,80936,70890,16422,22.9,0.0,14.7,27.7
504,2023년 06월 22일,유성구,139463,126421,29089,146632,132035,30146,22.9,0.0,14.7,27.7
505,2023년 06월 23일,동구,156614,139909,39061,164842,146006,40433,25.7,0.0,14.7,35.3
506,2023년 06월 23일,서구,235151,204859,55443,245751,212878,57046,25.7,0.0,14.7,35.3
507,2023년 06월 23일,중구,126173,115356,26896,134711,120856,28084,25.7,0.0,14.7,35.3
508,2023년 06월 23일,대덕구,81771,72350,16725,86265,75348,17204,25.7,0.0,14.7,35.3
509,2023년 06월 23일,유성구,144142,129701,29811,151780,135786,30926,25.7,0.0,14.7,35.3
510,2023년 06월 24일,동구,125973,111946,27797,130669,115527,28602,27.1,0.0,14.6,36.7
511,2023년 06월 24일,서구,162719,140748,36924,169879,146201,38005,27.1,0.0,14.6,36.7
512,2023년 06월 24일,중구,94734,87390,18560,98954,90551,19154,27.1,0.0,14.6,36.7
513,2023년 06월 24일,대덕구,53703,46505,9972,56429,48421,10337,27.1,0.0,14.6,36.7
514,2023년 06월 24일,유성구,101229,92024,20326,105676,95697,20970,27.1,0.0,14.6,36.7
515,2023년 06월 25일,동구,97323,82415,20226,101136,85274,20952,26.7,0.0,14.6,35.0
516,2023년 06월 25일,서구,117118,101627,27275,122884,105907,28190,26.7,0.0,14.6,35.0
517,2023년 06월 25일,중구,69227,62624,13582,72815,65324,14149,26.7,0.0,14.6,35.0
518,2023년 06월 25일,대덕구,36635,32165,6462,38665,33599,6751,26.7,0.0,14.6,35.0
519,2023년 06월 25일,유성구,71037,66530,14725,74479,69433,15311,26.7,0.0,14.6,35.0
520,2023년 06월 26일,동구,131768,115674,33589,139145,121145,34767,23.8,54.5,14.6,25.3
521,2023년 06월 26일,서구,206003,177055,48813,215484,184049,50176,23.8,54.5,14.6,25.3
522,2023년 06월 26일,중구,110478,98840,23656,118276,103818,24755,23.8,54.5,14.6,25.3
523,2023년 06월 26일,대덕구,69338,61890,14179,73552,64625,14625,23.8,54.5,14.6,25.3
524,2023년 06월 26일,유성구,125653,113525,26824,132505,118799,27821,23.8,54.5,14.6,25.3
525,2023년 06월 27일,동구,145939,130201,37410,153874,136040,38764,26.1,25.3,14.6,29.3
526,2023년 06월 27일,서구,225451,196164,54275,235742,203973,55786,26.1,25.3,14.6,29.3
527,2023년 06월 27일,중구,123130,111236,26310,131667,116813,27522,26.1,25.3,14.6,29.3
528,2023년 06월 27일,대덕구,76184,67533,15595,80579,70476,16052,26.1,25.3,14.6,29.3
529,2023년 06월 27일,유성구,136775,124681,29320,143920,130309,30398,26.1,25.3,14.6,29.3
530,2023년 06월 28일,동구,144872,128731,37973,152829,134612,39257,24.1,5.7,14.6,26.0
531,2023년 06월 28일,서구,225579,195848,53753,236280,203825,55294,24.1,5.7,14.6,26.0
532,2023년 06월 28일,중구,121416,109628,26036,130206,115306,27183,24.1,5.7,14.6,26.0
533,2023년 06월 28일,대덕구,77331,69185,16270,81822,72223,16741,24.1,5.7,14.6,26.0
534,2023년 06월 28일,유성구,137818,125085,29207,144939,130699,30262,24.1,5.7,14.6,26.0
535,2023년 06월 29일,동구,125051,110349,31946,132636,115845,33220,24.6,50.8,14.6,25.0
536,2023년 06월 29일,서구,202272,174668,47690,211952,181705,49031,24.6,50.8,14.6,25.0
537,2023년 06월 29일,중구,107375,95141,22624,115643,100424,23663,24.6,50.8,14.6,25.0
538,2023년 06월 29일,대덕구,67968,59805,13885,72237,62473,14331,24.6,50.8,14.6,25.0
539,2023년 06월 29일,유성구,126202,112787,26407,133043,118087,27336,24.6,50.8,14.6,25.0
540,2023년 06월 30일,동구,146348,130367,35975,155621,137456,37519,24.2,4.8,14.6,26.0
541,2023년 06월 30일,서구,225408,195457,52717,240049,206451,54644,24.2,4.8,14.6,26.0
542,2023년 06월 30일,중구,121438,109942,25514,132866,117420,26805,24.2,4.8,14.6,26.0
543,2023년 06월 30일,대덕구,76260,67700,15554,81069,70983,16108,24.2,4.8,14.6,26.0
544,2023년 06월 30일,유성구,140358,125217,28627,150384,133149,29985,24.2,4.8,14.6,26.0
545,2023년 07월 01일,동구,120309,106568,26752,125222,110384,27625,27.3,0.0,14.6,29.9
546,2023년 07월 01일,서구,161978,140206,36835,171223,147281,38338,27.3,0.0,14.6,29.9
547,2023년 07월 01일,중구,92218,84285,18226,97502,88268,18832,27.3,0.0,14.6,29.9
548,2023년 07월 01일,대덕구,51831,45352,9888,54534,47309,10326,27.3,0.0,14.6,29.9
549,2023년 07월 01일,유성구,96606,88222,19277,101977,92757,20126,27.3,0.0,14.6,29.9
550,2023년 07월 02일,동구,96446,82571,19839,100430,85676,20538,27.5,0.0,14.6,30.5
551,2023년 07월 02일,서구,119738,103719,27814,127539,109646,29020,27.5,0.0,14.6,30.5
552,2023년 07월 02일,중구,68194,61072,13098,72475,64258,13610,27.5,0.0,14.6,30.5
553,2023년 07월 02일,대덕구,37024,32325,6574,39144,33799,6922,27.5,0.0,14.6,30.5
554,2023년 07월 02일,유성구,72286,67929,15108,76944,71760,15838,27.5,0.0,14.6,30.5
555,2023년 07월 03일,동구,145220,129089,37709,153325,135200,39044,28.4,0.0,14.6,30.9
556,2023년 07월 03일,서구,221818,192962,53676,232644,201023,55271,28.4,0.0,14.6,30.9
557,2023년 07월 03일,중구,120299,108232,26036,129035,113940,27205,28.4,0.0,14.6,30.9
558,2023년 07월 03일,대덕구,76582,68644,15964,81164,71661,16451,28.4,0.0,14.6,30.9
559,2023년 07월 03일,유성구,134137,122859,29376,141536,128818,30481,28.4,0.0,14.6,30.9
560,2023년 07월 04일,동구,132089,115862,33909,140062,121615,35254,24.7,80.2,14.6,26.4
561,2023년 07월 04일,서구,212988,182370,49801,223388,189997,51279,24.7,80.2,14.6,26.4
562,2023년 07월 04일,중구,113054,100732,24142,121534,105982,25233,24.7,80.2,14.6,26.4
563,2023년 07월 04일,대덕구,71562,63287,15194,76088,66152,15694,24.7,80.2,14.6,26.4
564,2023년 07월 04일,유성구,130436,117022,27846,137631,122526,28910,24.7,80.2,14.6,26.4
565,2023년 07월 05일,동구,144123,127260,37269,153296,134175,38920,24.3,27.7,14.6,26.7
566,2023년 07월 05일,서구,231293,200641,54937,242896,209330,56631,24.3,27.7,14.6,26.7
567,2023년 07월 05일,중구,123159,111279,26441,132892,117632,27784,24.3,27.7,14.6,26.7
568,2023년 07월 05일,대덕구,76553,68109,15887,81366,71325,16423,24.3,27.7,14.6,26.7
569,2023년 07월 05일,유성구,137853,125194,29233,146165,131828,30556,24.3,27.7,14.6,26.7
570,2023년 07월 06일,동구,146551,130111,37916,155175,136570,39441,26.4,0.0,14.6,28.2
571,2023년 07월 06일,서구,230587,200153,55491,241902,208571,57220,26.4,0.0,14.6,28.2
572,2023년 07월 06일,중구,127261,114670,27364,137166,121195,28689,26.4,0.0,14.6,28.2
573,2023년 07월 06일,대덕구,76234,68344,15875,81027,71473,16413,26.4,0.0,14.6,28.2
574,2023년 07월 06일,유성구,139862,127354,29838,147516,133503,30954,26.4,0.0,14.6,28.2
575,2023년 07월 07일,동구,139467,123178,34846,147315,128865,36177,21.6,68.7,14.6,22.9
576,2023년 07월 07일,서구,219571,189612,51874,230711,197797,53493,21.6,68.7,14.6,22.9
577,2023년 07월 07일,중구,116862,104942,24446,125985,110848,25661,21.6,68.7,14.6,22.9
578,2023년 07월 07일,대덕구,73369,63923,14768,77878,66664,15263,21.6,68.7,14.6,22.9
579,2023년 07월 07일,유성구,137094,120806,28588,145018,126811,29811,21.6,68.7,14.6,22.9
580,2023년 07월 08일,동구,121977,108058,26971,127955,112633,28060,23.9,2.6,14.5,26.4
581,2023년 07월 08일,서구,160261,138410,36403,170865,146451,38117,23.9,2.6,14.5,26.4
582,2023년 07월 08일,중구,94722,86675,18354,101266,91564,19127,23.9,2.6,14.5,26.4
583,2023년 07월 08일,대덕구,53791,46717,9838,56848,48867,10304,23.9,2.6,14.5,26.4
584,2023년 07월 08일,유성구,97793,88310,19094,103886,93436,20086,23.9,2.6,14.5,26.4
585,2023년 07월 09일,동구,95959,80922,19955,100718,84610,20856,26.4,0.1,14.5,26.9
586,2023년 07월 09일,서구,119229,102683,28148,127849,109101,29551,26.4,0.1,14.5,26.9
587,2023년 07월 09일,중구,70395,63633,13664,76015,67844,14384,26.4,0.1,14.5,26.9
588,2023년 07월 09일,대덕구,36461,32100,6434,38867,33756,6786,26.4,0.1,14.5,26.9
589,2023년 07월 09일,유성구,75280,71184,15602,80701,75760,16522,26.4,0.1,14.5,26.9
590,2023년 07월 10일,동구,143921,127101,36384,151829,132991,37736,26.5,36.2,14.5,28.2
591,2023년 07월 10일,서구,221430,193062,53719,231966,200887,55340,26.5,36.2,14.5,28.2
592,2023년 07월 10일,중구,121797,109836,26250,130203,115274,27380,26.5,36.2,14.5,28.2
593,2023년 07월 10일,대덕구,74784,67090,15350,79311,70020,15839,26.5,36.2,14.5,28.2
594,2023년 07월 10일,유성구,132383,120365,28713,139616,126102,29771,26.5,36.2,14.5,28.2
595,2023년 07월 11일,동구,135004,119006,34618,142780,124703,35907,23.6,39.6,14.5,25.0
596,2023년 07월 11일,서구,218501,188243,51385,229171,196162,52957,23.6,39.6,14.5,25.0
597,2023년 07월 11일,중구,116358,104051,24918,124884,109443,26050,23.6,39.6,14.5,25.0
598,2023년 07월 11일,대덕구,72940,64809,15077,77383,67711,15569,23.6,39.6,14.5,25.0
599,2023년 07월 11일,유성구,132232,118543,27840,139465,124209,28922,23.6,39.6,14.5,25.0
600,2023년 07월 12일,동구,143510,127357,37000,151755,133479,38464,26.7,7.8,14.5,28.9
601,2023년 07월 12일,서구,233012,202701,55970,244772,211443,57893,26.7,7.8,14.5,28.9
602,2023년 07월 12일,중구,122331,110394,26410,131447,116305,27750,26.7,7.8,14.5,28.9
603,2023년 07월 12일,대덕구,76813,68410,16031,81486,71474,16600,26.7,7.8,14.5,28.9
604,2023년 07월 12일,유성구,143961,130430,30478,152354,137169,31759,26.7,7.8,14.5,28.9
605,2023년 07월 13일,동구,135099,119258,34355,143034,124916,35682,25.2,9.5,14.5,26.7
606,2023년 07월 13일,서구,219579,188746,51401,230299,196593,52923,25.2,9.5,14.5,26.7
607,2023년 07월 13일,중구,116313,103682,24588,124899,109065,25706,25.2,9.5,14.5,26.7
608,2023년 07월 13일,대덕구,73023,64437,15106,77601,67254,15627,25.2,9.5,14.5,26.7
609,2023년 07월 13일,유성구,134104,119905,27992,141303,125470,29029,25.2,9.5,14.5,26.7
610,2023년 07월 14일,동구,125246,109007,30036,132793,114250,31229,24.2,221.8,14.4,25.0
611,2023년 07월 14일,서구,206159,176031,47753,217109,183886,49401,24.2,221.8,14.4,25.0
612,2023년 07월 14일,중구,107538,95029,22194,116201,100407,23308,24.2,221.8,14.4,25.0
613,2023년 07월 14일,대덕구,67847,59148,13627,72222,61805,14121,24.2,221.8,14.4,25.0
614,2023년 07월 14일,유성구,126432,110043,25632,133850,115576,26720,24.2,221.8,14.4,25.0
615,2023년 07월 15일,동구,100104,88187,21818,104511,91466,22604,23.2,105.6,14.4,24.2
616,2023년 07월 15일,서구,134920,114394,29794,142744,120091,30997,23.2,105.6,14.4,24.2
617,2023년 07월 15일,중구,75216,67336,14638,79420,70300,15199,23.2,105.6,14.4,24.2
618,2023년 07월 15일,대덕구,42089,35947,7680,44480,37523,8027,23.2,105.6,14.4,24.2
619,2023년 07월 15일,유성구,78505,69657,15530,83116,73318,16233,23.2,105.6,14.4,24.2
620,2023년 07월 16일,동구,92658,78417,18625,96611,81350,19300,24.3,1.5,14.4,26.4
621,2023년 07월 16일,서구,114577,98380,25984,122168,104069,27077,24.3,1.5,14.4,26.4
622,2023년 07월 16일,중구,63443,56707,12453,67694,59812,13005,24.3,1.5,14.4,26.4
623,2023년 07월 16일,대덕구,34472,30539,6382,36563,31948,6702,24.3,1.5,14.4,26.4
624,2023년 07월 16일,유성구,68463,63538,13552,73013,67303,14306,24.3,1.5,14.4,26.4
625,2023년 07월 17일,동구,140453,124364,35435,147826,129688,36613,25.4,30.9,14.4,28.7
626,2023년 07월 17일,서구,219335,189466,52306,229546,196859,53718,25.4,30.9,14.4,28.7
627,2023년 07월 17일,중구,116779,104274,25288,124032,108948,26198,25.4,30.9,14.4,28.7
628,2023년 07월 17일,대덕구,73188,65070,15545,77480,67720,16025,25.4,30.9,14.4,28.7
629,2023년 07월 17일,유성구,131364,118524,27928,137978,123663,28854,25.4,30.9,14.4,28.7
630,2023년 07월 18일,동구,126356,110923,32465,134550,116772,33826,23.0,73.0,14.4,24.9
631,2023년 07월 18일,서구,203508,173771,46513,214973,182007,48081,23.0,73.0,14.4,24.9
632,2023년 07월 18일,중구,107637,94986,23068,116504,100563,24066,23.0,73.0,14.4,24.9
633,2023년 07월 18일,대덕구,68577,60061,14105,73260,62932,14627,23.0,73.0,14.4,24.9
634,2023년 07월 18일,유성구,124334,111330,25972,131540,116839,26933,23.0,73.0,14.4,24.9
635,2023년 07월 19일,동구,147235,131473,38333,154562,137165,39617,26.0,0.0,14.3,29.6
636,2023년 07월 19일,서구,236270,205524,56156,248707,215300,58137,26.0,0.0,14.3,29.6
637,2023년 07월 19일,중구,122584,110855,26646,130853,116548,27717,26.0,0.0,14.3,29.6
638,2023년 07월 19일,대덕구,77815,69195,16426,82259,72066,16986,26.0,0.0,14.3,29.6
639,2023년 07월 19일,유성구,142582,130124,30588,150502,136564,31715,26.0,0.0,14.3,29.6
640,2023년 07월 20일,동구,150679,134653,39215,157523,139901,40427,26.8,0.0,14.3,29.2
641,2023년 07월 20일,서구,232761,202573,55496,243359,210843,57140,26.8,0.0,14.3,29.2
642,2023년 07월 20일,중구,125221,113864,26926,132153,118868,27844,26.8,0.0,14.3,29.2
643,2023년 07월 20일,대덕구,77332,68593,16353,80971,71013,16872,26.8,0.0,14.3,29.2
644,2023년 07월 20일,유성구,141214,129158,30026,147652,134432,30965,26.8,0.0,14.3,29.2
645,2023년 07월 21일,동구,152934,136882,38546,159351,141824,39846,27.6,0.0,14.3,33.5
646,2023년 07월 21일,서구,233046,203599,55454,243437,211596,57149,27.6,0.0,14.3,33.5
647,2023년 07월 21일,중구,126659,115415,27030,133112,120261,27966,27.6,0.0,14.3,33.5
648,2023년 07월 21일,대덕구,78059,69770,16258,81466,72078,16768,27.6,0.0,14.3,33.5
649,2023년 07월 21일,유성구,143559,128772,29982,150116,134197,31016,27.6,0.0,14.3,33.5
650,2023년 07월 22일,동구,120615,107682,27514,125417,111448,28418,25.3,1.0,14.3,29.1
651,2023년 07월 22일,서구,160319,137937,36318,168964,144377,37694,25.3,1.0,14.3,29.1
652,2023년 07월 22일,중구,92768,84342,18292,97626,88009,18958,25.3,1.0,14.3,29.1
653,2023년 07월 22일,대덕구,50719,44533,9714,53292,46290,10125,25.3,1.0,14.3,29.1
654,2023년 07월 22일,유성구,94265,85264,18400,99325,89396,19223,25.3,1.0,14.3,29.1
655,2023년 07월 23일,동구,83844,70780,16682,87420,73348,17303,24.8,20.2,14.2,25.5
656,2023년 07월 23일,서구,105321,89630,24032,111750,94278,24972,24.8,20.2,14.2,25.5
657,2023년 07월 23일,중구,61262,54008,11680,64970,56655,12160,24.8,20.2,14.2,25.5
658,2023년 07월 23일,대덕구,33956,29495,6146,35890,30780,6500,24.8,20.2,14.2,25.5
659,2023년 07월 23일,유성구,63717,58930,13061,67438,61918,13649,24.8,20.2,14.2,25.5
660,2023년 07월 24일,동구,141525,125331,35563,147263,129776,36668,26.1,5.1,14.2,28.8
661,2023년 07월 24일,서구,217727,188544,51553,226856,195733,53042,26.1,5.1,14.2,28.8
662,2023년 07월 24일,중구,118220,106786,24822,123870,110819,25581,26.1,5.1,14.2,28.8
663,2023년 07월 24일,대덕구,72402,64879,15084,75162,66843,15515,26.1,5.1,14.2,28.8
664,2023년 07월 24일,유성구,133170,121820,28855,138801,126434,29712,26.1,5.1,14.2,28.8
665,2023년 07월 25일,동구,140092,124921,36187,145880,129221,37266,25.1,9.1,14.2,27.4
666,2023년 07월 25일,서구,219152,189976,51677,228132,197121,53184,25.1,9.1,14.2,27.4
667,2023년 07월 25일,중구,119740,107585,25288,125322,111559,26068,25.1,9.1,14.2,27.4
668,2023년 07월 25일,대덕구,73283,65619,15489,76227,67622,15960,25.1,9.1,14.2,27.4
669,2023년 07월 25일,유성구,133075,120926,28240,138784,125562,29070,25.1,9.1,14.2,27.4
670,2023년 07월 26일,동구,140974,125325,35964,146656,129730,37129,25.9,3.7,14.2,31.1
671,2023년 07월 26일,서구,225118,195628,53217,234764,203174,54774,25.9,3.7,14.2,31.1
672,2023년 07월 26일,중구,118611,107141,25412,124282,111090,26183,25.9,3.7,14.2,31.1
673,2023년 07월 26일,대덕구,73933,65147,15245,77051,67202,15730,25.9,3.7,14.2,31.1
674,2023년 07월 26일,유성구,135603,122803,28638,141333,127543,29535,25.9,3.7,14.2,31.1
675,2023년 07월 27일,동구,141492,126192,36067,147188,130609,37164,27.5,0.3,14.1,33.4
676,2023년 07월 27일,서구,220769,191906,52006,230156,199387,53555,27.5,0.3,14.1,33.4
677,2023년 07월 27일,중구,120067,108882,25522,125908,113039,26319,27.5,0.3,14.1,33.4
678,2023년 07월 27일,대덕구,72546,64465,15177,75640,66630,15637,27.5,0.3,14.1,33.4
679,2023년 07월 27일,유성구,135022,123234,28512,140690,127838,29395,27.5,0.3,14.1,33.4
680,2023년 07월 28일,동구,146273,130956,36805,152047,135327,37983,28.4,0.1,14.1,31.4
681,2023년 07월 28일,서구,222060,194573,53564,231462,202036,55214,28.4,0.1,14.1,31.4
682,2023년 07월 28일,중구,121474,109718,25888,127133,113747,26638,28.4,0.1,14.1,31.4
683,2023년 07월 28일,대덕구,75287,67116,15680,78399,69281,16173,28.4,0.1,14.1,31.4
684,2023년 07월 28일,유성구,138329,124482,28638,144192,129334,29584,28.4,0.1,14.1,31.4
685,2023년 07월 29일,동구,112269,100538,25014,116572,103892,25897,29.5,0.0,14.1,36.0
686,2023년 07월 29일,서구,149335,129535,34437,157538,135792,35767,29.5,0.0,14.1,36.0
687,2023년 07월 29일,중구,86443,78210,16856,90730,81332,17428,29.5,0.0,14.1,36.0
688,2023년 07월 29일,대덕구,47490,41531,8916,49848,43205,9333,29.5,0.0,14.1,36.0
689,2023년 07월 29일,유성구,90373,81581,18022,95031,85484,18818,29.5,0.0,14.1,36.0
690,2023년 07월 30일,동구,87106,74622,18079,90663,77310,18749,27.4,31.6,14.1,31.9
691,2023년 07월 30일,서구,107625,92529,25151,114148,97440,26232,27.4,31.6,14.1,31.9
692,2023년 07월 30일,중구,63078,56484,12392,66569,59043,12791,27.4,31.6,14.1,31.9
693,2023년 07월 30일,대덕구,32902,28827,6053,34859,30163,6409,27.4,31.6,14.1,31.9
694,2023년 07월 30일,유성구,65035,60770,13478,68751,63849,14131,27.4,31.6,14.1,31.9
695,2023년 07월 31일,동구,136480,121450,34543,141742,125582,35585,27.8,0.0,14.0,33.3
696,2023년 07월 31일,서구,206517,179486,49424,215521,186656,50952,27.8,0.0,14.0,33.3
697,2023년 07월 31일,중구,113729,102360,24492,119260,106241,25245,27.8,0.0,14.0,33.3
698,2023년 07월 31일,대덕구,68205,60872,14178,70924,62773,14583,27.8,0.0,14.0,33.3
699,2023년 07월 31일,유성구,124043,114029,26858,129373,118478,27789,27.8,0.0,14.0,33.3
700,2023년 08월 01일,동구,133688,119248,34264,139490,123658,35456,29.5,0.0,14.0,32.8
701,2023년 08월 01일,서구,206882,179919,49123,216500,187596,50839,29.5,0.0,14.0,32.8
702,2023년 08월 01일,중구,116155,105303,24812,122713,110028,25780,29.5,0.0,14.0,32.8
703,2023년 08월 01일,대덕구,67927,60459,14045,71218,62646,14497,29.5,0.0,14.0,32.8
704,2023년 08월 01일,유성구,125728,114388,27064,131578,119263,27962,29.5,0.0,14.0,32.8
705,2023년 08월 02일,동구,133839,119138,34037,139535,123477,35168,29.1,0.0,14.0,33.1
706,2023년 08월 02일,서구,212474,184130,50549,222203,191783,52198,29.1,0.0,14.0,33.1
707,2023년 08월 02일,중구,115461,105151,24800,121777,109804,25706,29.1,0.0,14.0,33.1
708,2023년 08월 02일,대덕구,68196,60819,13750,71980,63292,14268,29.1,0.0,14.0,33.1
709,2023년 08월 02일,유성구,125973,114982,26898,132080,120020,27871,29.1,0.0,14.0,33.1
710,2023년 08월 03일,동구,131985,117929,33889,137602,122301,35083,29.2,0.0,14.0,33.7
711,2023년 08월 03일,서구,206208,179711,49484,215790,187188,51059,29.2,0.0,14.0,33.7
712,2023년 08월 03일,중구,114665,104013,23874,120671,108409,24746,29.2,0.0,14.0,33.7
713,2023년 08월 03일,대덕구,68539,60719,14170,72282,63160,14666,29.2,0.0,14.0,33.7
714,2023년 08월 03일,유성구,126162,114414,26737,131951,119211,27659,29.2,0.0,14.0,33.7
715,2023년 08월 04일,동구,136598,122017,34504,141857,125944,35534,29.6,0.0,13.9,35.7
716,2023년 08월 04일,서구,209842,182967,49690,219561,190579,51300,29.6,0.0,13.9,35.7
717,2023년 08월 04일,중구,113003,103681,24102,118523,107693,24857,29.6,0.0,13.9,35.7
718,2023년 08월 04일,대덕구,68148,60437,13877,71717,62741,14313,29.6,0.0,13.9,35.7
719,2023년 08월 04일,유성구,130778,117771,27669,136593,122562,28533,29.6,0.0,13.9,35.7
720,2023년 08월 05일,동구,106869,95606,24075,111029,98773,24834,30.0,0.0,13.9,39.1
721,2023년 08월 05일,서구,144583,125661,33359,152705,131770,34730,30.0,0.0,13.9,39.1
722,2023년 08월 05일,중구,81973,74825,16218,85956,77787,16748,30.0,0.0,13.9,39.1
723,2023년 08월 05일,대덕구,44955,39156,8755,47153,40788,9186,30.0,0.0,13.9,39.1
724,2023년 08월 05일,유성구,88714,80525,18490,93354,84491,19401,30.0,0.0,13.9,39.1
725,2023년 08월 06일,동구,86673,73842,17846,90322,76649,18570,29.5,6.3,13.9,36.7
726,2023년 08월 06일,서구,108740,94391,25588,115578,99618,26678,29.5,6.3,13.9,36.7
727,2023년 08월 06일,중구,62462,55963,12184,66055,58557,12650,29.5,6.3,13.9,36.7
728,2023년 08월 06일,대덕구,33640,29504,6248,35530,30816,6585,29.5,6.3,13.9,36.7
729,2023년 08월 06일,유성구,66198,62232,13838,70164,65525,14530,29.5,6.3,13.9,36.7
730,2023년 08월 07일,동구,133669,120160,34633,138781,124124,35586,29.7,0.0,13.8,35.4
731,2023년 08월 07일,서구,211397,183567,51446,220736,190763,53029,29.7,0.0,13.8,35.4
732,2023년 08월 07일,중구,113405,102030,24686,118589,105739,25380,29.7,0.0,13.8,35.4
733,2023년 08월 07일,대덕구,69846,62833,14607,73611,65284,15089,29.7,0.0,13.8,35.4
734,2023년 08월 07일,유성구,126509,116036,27854,132040,120598,28665,29.7,0.0,13.8,35.4
735,2023년 08월 08일,동구,136122,120835,35226,141443,124966,36288,30.1,0.0,13.8,36.7
736,2023년 08월 08일,서구,217258,189127,52057,227318,196988,53755,30.1,0.0,13.8,36.7
737,2023년 08월 08일,중구,115760,104997,25050,121129,108835,25804,30.1,0.0,13.8,36.7
738,2023년 08월 08일,대덕구,72419,64583,15135,76032,66949,15567,30.1,0.0,13.8,36.7
739,2023년 08월 08일,유성구,129941,119002,28207,135969,124006,29138,30.1,0.0,13.8,36.7
740,2023년 08월 09일,동구,131904,116317,34812,137425,120354,35898,26.4,45.4,13.8,30.1
741,2023년 08월 09일,서구,218330,188557,53450,228163,196096,55075,26.4,45.4,13.8,30.1
742,2023년 08월 09일,중구,104882,95965,24298,109389,99303,25038,26.4,45.4,13.8,30.1
743,2023년 08월 09일,대덕구,70593,62165,14740,74231,64431,15227,26.4,45.4,13.8,30.1
744,2023년 08월 09일,유성구,132754,119497,28698,138797,124283,29594,26.4,45.4,13.8,30.1
745,2023년 08월 10일,동구,92951,80575,23593,95508,82400,24152,21.3,143.3,13.7,22.6
746,2023년 08월 10일,서구,160804,136514,37869,165479,139985,38664,21.3,143.3,13.7,22.6
747,2023년 08월 10일,중구,78069,69717,17530,80025,71141,17843,21.3,143.3,13.7,22.6
748,2023년 08월 10일,대덕구,53455,46992,11032,54866,47934,11300,21.3,143.3,13.7,22.6
749,2023년 08월 10일,유성구,94559,83485,19806,97068,85435,20177,21.3,143.3,13.7,22.6
750,2023년 08월 11일,동구,148915,133941,34754,154941,138526,35854,25.3,8.0,13.7,27.4
751,2023년 08월 11일,서구,227952,199019,54768,238276,206928,56504,25.3,8.0,13.7,27.4
752,2023년 08월 11일,중구,118224,109180,26528,123205,113022,27289,25.3,8.0,13.7,27.4
753,2023년 08월 11일,대덕구,75590,66411,15238,79301,68787,15685,25.3,8.0,13.7,27.4
754,2023년 08월 11일,유성구,138238,123814,28968,144533,128939,29913,25.3,8.0,13.7,27.4
755,2023년 08월 12일,동구,131212,118598,25561,137324,123382,26637,24.2,3.7,13.7,26.2
756,2023년 08월 12일,서구,160524,138305,37211,169471,145002,38741,24.2,3.7,13.7,26.2
757,2023년 08월 12일,중구,95293,89379,19048,100082,93480,19826,24.2,3.7,13.7,26.2
758,2023년 08월 12일,대덕구,53382,44750,9437,56159,46545,9829,24.2,3.7,13.7,26.2
759,2023년 08월 12일,유성구,94112,84814,18516,99474,89152,19501,24.2,3.7,13.7,26.2
760,2023년 08월 13일,동구,102077,88627,19702,106602,92194,20623,26.8,0.0,13.6,29.4
761,2023년 08월 13일,서구,121373,104665,29027,128896,110271,30366,26.8,0.0,13.6,29.4
762,2023년 08월 13일,중구,71059,65739,15526,74913,68756,16230,26.8,0.0,13.6,29.4
763,2023년 08월 13일,대덕구,39979,34777,6946,42189,36266,7306,26.8,0.0,13.6,29.4
764,2023년 08월 13일,유성구,73019,67769,15512,77488,71633,16304,26.8,0.0,13.6,29.4
765,2023년 08월 14일,동구,144760,128731,33705,150686,133139,34760,28.1,0.0,13.6,31.3
766,2023년 08월 14일,서구,213233,186918,51677,222692,194173,53272,28.1,0.0,13.6,31.3
767,2023년 08월 14일,중구,111954,103566,25384,116539,107105,26116,28.1,0.0,13.6,31.3
768,2023년 08월 14일,대덕구,69621,61378,14348,73239,63677,14809,28.1,0.0,13.6,31.3
769,2023년 08월 14일,유성구,125273,114466,27098,131267,119337,28006,28.1,0.0,13.6,31.3
770,2023년 08월 15일,동구,105324,92621,22110,109921,96062,22982,28.1,0.0,13.6,31.1
771,2023년 08월 15일,서구,129238,111868,31001,136698,117577,32269,28.1,0.0,13.6,31.1
772,2023년 08월 15일,중구,71972,66650,15848,75328,69278,16380,28.1,0.0,13.6,31.1
773,2023년 08월 15일,대덕구,42177,37016,7816,44459,38609,8182,28.1,0.0,13.6,31.1
774,2023년 08월 15일,유성구,80051,73495,16360,84646,77266,17164,28.1,0.0,13.6,31.1
775,2023년 08월 16일,동구,154228,138953,38356,160962,144019,39561,27.7,0.0,13.5,31.0
776,2023년 08월 16일,서구,229781,200366,56345,240441,208510,57963,27.7,0.0,13.5,31.0
777,2023년 08월 16일,중구,118818,108499,27058,125348,112830,27949,27.7,0.0,13.5,31.0
778,2023년 08월 16일,대덕구,78433,69744,16268,82732,72528,16777,27.7,0.0,13.5,31.0
779,2023년 08월 16일,유성구,134392,123004,29396,140870,128156,30304,27.7,0.0,13.5,31.0
780,2023년 08월 17일,동구,144691,128889,35625,151885,134218,36805,26.1,1.5,13.5,31.2
781,2023년 08월 17일,서구,225750,196960,54652,236289,204992,56202,26.1,1.5,13.5,31.2
782,2023년 08월 17일,중구,116400,106719,26364,123045,111138,27260,26.1,1.5,13.5,31.2
783,2023년 08월 17일,대덕구,75802,67378,16071,80202,70253,16609,26.1,1.5,13.5,31.2
784,2023년 08월 17일,유성구,134541,123203,28877,140946,128330,29809,26.1,1.5,13.5,31.2
785,2023년 08월 18일,동구,151294,135171,37806,159042,140925,39076,28.3,0.2,13.5,32.6
786,2023년 08월 18일,서구,236183,207570,57058,247729,216264,58756,28.3,0.2,13.5,32.6
787,2023년 08월 18일,중구,123986,113109,26450,131734,118242,27466,28.3,0.2,13.5,32.6
788,2023년 08월 18일,대덕구,79817,71112,16172,84314,74165,16734,28.3,0.2,13.5,32.6
789,2023년 08월 18일,유성구,141796,128295,29376,148826,133935,30358,28.3,0.2,13.5,32.6
790,2023년 08월 19일,동구,122760,109226,27419,127677,113128,28398,28.2,0.0,13.4,32.9
791,2023년 08월 19일,서구,164658,142964,38626,174061,150090,40226,28.2,0.0,13.4,32.9
792,2023년 08월 19일,중구,96144,88159,18616,101534,92114,19365,28.2,0.0,13.4,32.9
793,2023년 08월 19일,대덕구,51235,44772,9543,54062,46785,10040,28.2,0.0,13.4,32.9
794,2023년 08월 19일,유성구,102721,94326,20040,108091,98882,20941,28.2,0.0,13.4,32.9
795,2023년 08월 20일,동구,99324,85174,20245,103464,88385,21089,28.1,0.0,13.4,33.0
796,2023년 08월 20일,서구,123780,106741,29440,131364,112472,30683,28.1,0.0,13.4,33.0
797,2023년 08월 20일,중구,72317,65714,14258,76873,69199,14901,28.1,0.0,13.4,33.0
798,2023년 08월 20일,대덕구,37357,32612,6637,39514,34103,6993,28.1,0.0,13.4,33.0
799,2023년 08월 20일,유성구,76167,72212,15028,80721,76092,15774,28.1,0.0,13.4,33.0
800,2023년 08월 21일,동구,144667,129577,36979,151968,135067,38157,29.2,0.0,13.4,36.2
801,2023년 08월 21일,서구,222104,194300,52836,232417,202049,54361,29.2,0.0,13.4,36.2
802,2023년 08월 21일,중구,121630,109704,26444,129275,114734,27514,29.2,0.0,13.4,36.2
803,2023년 08월 21일,대덕구,74632,67150,15441,79020,69937,15907,29.2,0.0,13.4,36.2
804,2023년 08월 21일,유성구,128243,117769,28222,134642,122892,29092,29.2,0.0,13.4,36.2
805,2023년 08월 22일,동구,146398,130319,38442,153978,135896,39739,27.6,1.5,13.3,33.2
806,2023년 08월 22일,서구,223082,195895,53610,233526,203807,55093,27.6,1.5,13.3,33.2
807,2023년 08월 22일,중구,125494,113913,27408,133395,119035,28494,27.6,1.5,13.3,33.2
808,2023년 08월 22일,대덕구,75287,67495,15408,79651,70273,15885,27.6,1.5,13.3,33.2
809,2023년 08월 22일,유성구,131631,120116,28086,138169,125296,28950,27.6,1.5,13.3,33.2
810,2023년 08월 23일,동구,140400,125256,36350,147978,130821,37614,26.7,22.8,13.3,31.6
811,2023년 08월 23일,서구,222761,193972,52406,233572,202073,54045,26.7,22.8,13.3,31.6
812,2023년 08월 23일,중구,119728,107563,26156,128398,113135,27355,26.7,22.8,13.3,31.6
813,2023년 08월 23일,대덕구,75274,66695,15379,79650,69467,15893,26.7,22.8,13.3,31.6
814,2023년 08월 23일,유성구,129951,117597,27512,136739,122957,28346,26.7,22.8,13.3,31.6
815,2023년 08월 24일,동구,137015,121954,35210,144400,127414,36476,25.5,44.3,13.3,27.1
816,2023년 08월 24일,서구,217437,188825,51793,227520,196466,53316,25.5,44.3,13.3,27.1
817,2023년 08월 24일,중구,119361,108228,25824,127596,113417,26912,25.5,44.3,13.3,27.1
818,2023년 08월 24일,대덕구,73174,64997,15057,77639,67773,15554,25.5,44.3,13.3,27.1
819,2023년 08월 24일,유성구,131058,119792,27782,137618,124966,28653,25.5,44.3,13.3,27.1
820,2023년 08월 25일,동구,157205,140123,39167,165482,146223,40620,26.2,0.0,13.2,28.9
821,2023년 08월 25일,서구,236967,208522,56672,248193,217056,58435,26.2,0.0,13.2,28.9
822,2023년 08월 25일,중구,128565,117024,27296,137743,122892,28502,26.2,0.0,13.2,28.9
823,2023년 08월 25일,대덕구,79409,70995,16066,84153,74065,16578,26.2,0.0,13.2,28.9
824,2023년 08월 25일,유성구,142614,129354,29880,149975,135168,30871,26.2,0.0,13.2,28.9
825,2023년 08월 26일,동구,127541,113782,28178,132599,117720,29068,25.0,0.0,13.2,27.7
826,2023년 08월 26일,서구,165374,144345,38061,174826,151489,39535,25.0,0.0,13.2,27.7
827,2023년 08월 26일,중구,94945,86816,18827,100446,90906,19592,25.0,0.0,13.2,27.7
828,2023년 08월 26일,대덕구,52943,46272,9883,55668,48190,10294,25.0,0.0,13.2,27.7
829,2023년 08월 26일,유성구,97520,89368,19126,102792,93777,19958,25.0,0.0,13.2,27.7
830,2023년 08월 27일,동구,100985,85845,20636,105178,89016,21463,26.2,0.0,13.2,28.2
831,2023년 08월 27일,서구,120330,105136,28145,127922,110752,29343,26.2,0.0,13.2,28.2
832,2023년 08월 27일,중구,70270,63621,13706,74697,66872,14289,26.2,0.0,13.2,28.2
833,2023년 08월 27일,대덕구,37790,33386,6875,39917,34855,7187,26.2,0.0,13.2,28.2
834,2023년 08월 27일,유성구,72563,68558,15013,76880,72253,15722,26.2,0.0,13.2,28.2
835,2023년 08월 28일,동구,151214,134618,38786,159021,140459,40111,26.1,0.0,13.1,27.7
836,2023년 08월 28일,서구,222910,195331,53712,233316,203114,55283,26.1,0.0,13.1,27.7
837,2023년 08월 28일,중구,120581,108670,26179,128781,113918,27272,26.1,0.0,13.1,27.7
838,2023년 08월 28일,대덕구,77526,69822,16374,82067,72825,16886,26.1,0.0,13.1,27.7
839,2023년 08월 28일,유성구,130071,119521,28052,136552,124725,28889,26.1,0.0,13.1,27.7
840,2023년 08월 29일,동구,143718,127656,36807,151207,133256,38145,24.8,5.5,13.1,26.0
841,2023년 08월 29일,서구,220148,191083,51790,230647,198964,53269,24.8,5.5,13.1,26.0
842,2023년 08월 29일,중구,117606,105707,25356,125806,110908,26527,24.8,5.5,13.1,26.0
843,2023년 08월 29일,대덕구,75301,67202,15661,79963,70102,16193,24.8,5.5,13.1,26.0
844,2023년 08월 29일,유성구,131464,119665,27814,138422,125069,28773,24.8,5.5,13.1,26.0
845,2023년 08월 30일,동구,143178,126294,36670,150846,131803,37968,21.1,44.4,13.0,23.3
846,2023년 08월 30일,서구,220690,191021,52247,231638,198892,53775,21.1,44.4,13.0,23.3
847,2023년 08월 30일,중구,118811,106005,25710,127022,111080,26843,21.1,44.4,13.0,23.3
848,2023년 08월 30일,대덕구,73527,64676,14961,78024,67410,15462,21.1,44.4,13.0,23.3
849,2023년 08월 30일,유성구,131597,117788,27579,138819,123229,28534,21.1,44.4,13.0,23.3
850,2023년 08월 31일,동구,154524,137492,38986,162854,143644,40421,22.5,0.0,13.0,26.0
851,2023년 08월 31일,서구,228635,199494,54537,239591,207806,56147,22.5,0.0,13.0,26.0
852,2023년 08월 31일,중구,126502,114540,26968,135615,120437,28171,22.5,0.0,13.0,26.0
853,2023년 08월 31일,대덕구,76906,68936,16031,81585,72045,16586,22.5,0.0,13.0,26.0
854,2023년 08월 31일,유성구,136057,124676,28734,143284,130365,29783,22.5,0.0,13.0,26.0
855,2023년 09월 01일,동구,169666,149915,41612,178793,156741,43283,23.1,0.0,13.0,26.5
856,2023년 09월 01일,서구,243619,212920,58467,255916,222269,60405,23.1,0.0,13.0,26.5
857,2023년 09월 01일,중구,129568,119526,28590,138660,125567,29897,23.1,0.0,13.0,26.5
858,2023년 09월 01일,대덕구,83066,73517,16319,88058,76803,16939,23.1,0.0,13.0,26.5
859,2023년 09월 01일,유성구,152735,137989,32546,161394,144816,33868,23.1,0.0,13.0,26.5
860,2023년 09월 02일,동구,131125,117064,28927,136822,121518,29945,24.6,0.0,12.9,27.7
861,2023년 09월 02일,서구,171501,149413,39473,181427,156992,41146,24.6,0.0,12.9,27.7
862,2023년 09월 02일,중구,97716,89069,19260,103609,93383,20060,24.6,0.0,12.9,27.7
863,2023년 09월 02일,대덕구,53377,46915,9735,56286,48947,10219,24.6,0.0,12.9,27.7
864,2023년 09월 02일,유성구,102211,93415,20017,107909,98212,20880,24.6,0.0,12.9,27.7
865,2023년 09월 03일,동구,104456,87683,20548,108961,91083,21325,27.0,0.0,12.9,30.7
866,2023년 09월 03일,서구,124155,108415,29555,132180,114418,30809,27.0,0.0,12.9,30.7
867,2023년 09월 03일,중구,70509,63292,13704,74968,66548,14249,27.0,0.0,12.9,30.7
868,2023년 09월 03일,대덕구,39925,35616,6956,42124,37161,7288,27.0,0.0,12.9,30.7
869,2023년 09월 03일,유성구,75578,71796,15819,80238,75687,16614,27.0,0.0,12.9,30.7
870,2023년 09월 04일,동구,163235,143941,42178,171653,150193,43657,27.4,0.0,12.9,29.8
871,2023년 09월 04일,서구,239764,209493,58709,250930,217929,60499,27.4,0.0,12.9,29.8
872,2023년 09월 04일,중구,127161,114738,29012,135674,120285,30201,27.4,0.0,12.9,29.8
873,2023년 09월 04일,대덕구,80582,72933,16482,85453,76216,17067,27.4,0.0,12.9,29.8
874,2023년 09월 04일,유성구,152578,140131,34011,160704,146560,35299,27.4,0.0,12.9,29.8
875,2023년 09월 05일,동구,165117,145755,43302,173617,152012,44875,26.9,0.0,12.8,30.7
876,2023년 09월 05일,서구,240824,210473,58565,252256,219174,60312,26.9,0.0,12.8,30.7
877,2023년 09월 05일,중구,130556,118618,29494,139612,124547,30856,26.9,0.0,12.8,30.7
878,2023년 09월 05일,대덕구,83189,74818,17162,88214,78137,17784,26.9,0.0,12.8,30.7
879,2023년 09월 05일,유성구,152210,138475,33163,160087,144663,34375,26.9,0.0,12.8,30.7
880,2023년 09월 06일,동구,163052,144212,42734,171862,150714,44362,26.0,0.0,12.8,29.2
881,2023년 09월 06일,서구,244750,212740,59999,257036,221889,61904,26.0,0.0,12.8,29.2
882,2023년 09월 06일,중구,128611,116687,29120,138224,123152,30556,26.0,0.0,12.8,29.2
883,2023년 09월 06일,대덕구,82650,74433,17056,87545,77749,17649,26.0,0.0,12.8,29.2
884,2023년 09월 06일,유성구,152795,139392,33027,161237,146177,34353,26.0,0.0,12.8,29.2
885,2023년 09월 07일,동구,164744,146653,43207,173407,153069,44823,25.0,0.0,12.8,30.5
886,2023년 09월 07일,서구,243319,212731,59791,254763,221277,61578,25.0,0.0,12.8,30.5
887,2023년 09월 07일,중구,130540,118669,29524,139576,124670,30853,25.0,0.0,12.8,30.5
888,2023년 09월 07일,대덕구,83243,74603,17208,88149,77898,17796,25.0,0.0,12.8,30.5
889,2023년 09월 07일,유성구,152698,138565,32942,160752,144967,34214,25.0,0.0,12.8,30.5
